rollout/exploration_rate,time/fps,time/time_elapsed,train/learning_rate,train/loss,train/n_updates,time/total_timesteps,time/episodes,eval/mean_ep_length,eval/mean_reward
0.9772000000000004,1990,0,0.0001,0.4364659786224365,274,1200,4,,
0.9598150000000004,1982,1,0.0001,0.3002641499042511,503,2115,8,,
0.9423920000000005,2018,1,0.0001,0.24498772621154785,732,3032,12,,
0.9280470000000003,1999,1,0.0001,0.20944508910179138,921,3787,16,,
0.9069950000000003,2031,2,0.0001,0.8740708827972412,1198,4895,20,,
0.9050190000000005,,,0.0001,0.1392727792263031,1224,5000,,300.0,0.8400754684204003
0.8870070000000004,1751,3,0.0001,0.23811274766921997,1461,5947,24,,
0.8690139999999997,1777,3,0.0001,0.5009527206420898,1698,6894,28,,
0.8492349999999995,1775,4,0.0001,0.08989301323890686,1958,7935,32,,
0.8300830000000003,1806,4,0.0001,0.13685809075832367,2210,8943,36,,
0.8100190000000004,,,0.0001,0.1733805388212204,2474,10000,,300.0,-3.270644598454237
0.8089930000000004,1719,5,0.0001,0.2676338255405426,2488,10053,40,,
0.7882829999999997,1739,6,0.0001,1.3744046688079834,2760,11143,44,,
0.7765029999999996,1753,6,0.0001,0.09131916612386703,2915,11763,48,,
0.7587000000000003,1756,7,0.0001,0.13235507905483246,3149,12700,52,,
0.7434999999999998,1762,7,0.0001,0.06521943211555481,3349,13500,56,,
0.727882,1777,8,0.0001,0.3363534212112427,3555,14322,60,,
0.7150190000000003,,,0.0001,1.046823501586914,3724,15000,,300.0,17.028168702125548
0.7085590000000002,1720,8,0.0001,0.10959134250879288,3809,15339,64,,
0.6902240000000004,1731,9,0.0001,0.20698846876621246,4050,16304,68,,
0.672383,1741,9,0.0001,0.14034625887870789,4285,17243,72,,
0.6646689999999995,1742,10,0.0001,0.14266444742679596,4387,17649,76,,
0.6537819999999998,1746,10,0.0001,0.09501098841428757,4530,18222,80,,
0.6367199999999995,1756,10,0.0001,0.10158277302980423,4754,19120,84,,
0.6209310000000001,1763,11,0.0001,0.08598186075687408,4962,19951,88,,
0.6200190000000002,,,0.0001,0.15242987871170044,4974,20000,,300.0,23.510546752810477
0.6079920000000003,1713,12,0.0001,0.10724112391471863,5132,20632,92,,
0.5937610000000003,1714,12,0.0001,0.11576933413743973,5320,21381,96,,
0.5847360000000004,1715,12,0.0001,0.07341594249010086,5438,21856,100,,
0.57592,1716,13,0.0001,0.08910611271858215,5554,22320,104,,
0.5687189999999995,1717,13,0.0001,0.11008886992931366,5649,22699,108,,
0.5584020000000003,1721,13,0.0001,0.15877510607242584,5785,23242,112,,
0.542689,1727,13,0.0001,0.0921432301402092,5992,24069,116,,
0.5313839999999996,1727,14,0.0001,0.11224818229675293,6140,24664,120,,
0.5250190000000001,,,0.0001,0.09347285330295563,6224,25000,,300.0,19.074731785058976
0.5175899999999996,1695,14,0.0001,1.4630717039108276,6322,25390,124,,
0.5043470000000005,1698,15,0.0001,0.07773816585540771,6496,26087,128,,
0.49600600000000017,1701,15,0.0001,0.0940098762512207,6606,26526,132,,
0.4877600000000004,1701,15,0.0001,0.12280500680208206,6714,26960,136,,
0.47751900000000014,1703,16,0.0001,0.11174965649843216,6849,27499,140,,
0.4730920000000005,1702,16,0.0001,0.10506855696439743,6907,27732,144,,
0.46321200000000007,1704,16,0.0001,0.05162077769637108,7037,28252,148,,
0.4564290000000001,1705,16,0.0001,0.11668618023395538,7127,28609,152,,
0.4506340000000002,1706,16,0.0001,0.06234610080718994,7203,28914,156,,
0.4459599999999997,1707,17,0.0001,0.11570282280445099,7264,29160,160,,
0.4390440000000001,1702,17,0.0001,0.05907575786113739,7355,29524,164,,
0.43300200000000044,1702,17,0.0001,0.056868232786655426,7435,29842,168,,
0.43001900000000004,,,0.0001,0.05429266393184662,7474,30000,,300.0,25.555427041649818
0.42365400000000053,1668,18,0.0001,0.05233039706945419,7558,30334,172,,
0.4141730000000001,1668,18,0.0001,0.09332084655761719,7683,30833,176,,
0.40908100000000025,1666,18,0.0001,0.09835376590490341,7750,31101,180,,
0.39834600000000053,1666,18,0.0001,0.14522552490234375,7891,31666,184,,
0.3932159999999997,1665,19,0.0001,0.17194156348705292,7958,31936,188,,
0.3885420000000003,1664,19,0.0001,0.13751935958862305,8020,32182,192,,
0.38265199999999966,1665,19,0.0001,0.08347979933023453,8097,32492,196,,
0.3744439999999999,1666,19,0.0001,0.07803802937269211,8205,32924,200,,
0.36940899999999954,1666,19,0.0001,0.11665996164083481,8272,33189,204,,
0.36144800000000055,1666,20,0.0001,2.8464696407318115,8376,33608,208,,
0.3564890000000004,1666,20,0.0001,0.05848036706447601,8442,33869,212,,
0.35230900000000054,1666,20,0.0001,0.7481326460838318,8497,34089,216,,
0.34634299999999973,1666,20,0.0001,0.07891107350587845,8575,34403,220,,
0.33851500000000034,1666,20,0.0001,0.0811469554901123,8678,34815,224,,
0.33501899999999996,,,0.0001,0.15628844499588013,8724,35000,,300.0,15.801028946042061
0.33319500000000024,1644,21,0.0001,0.23601721227169037,8748,35095,228,,
0.32874900000000007,1643,21,0.0001,0.11456410586833954,8807,35329,232,,
0.319211,1645,21,0.0001,0.09101392328739166,8932,35831,236,,
0.3133590000000005,1647,21,0.0001,0.281610369682312,9009,36139,240,,
0.3039729999999996,1647,22,0.0001,0.1286463886499405,9133,36633,244,,
0.2967340000000003,1647,22,0.0001,0.08961665630340576,9228,37014,248,,
0.2905209999999998,1648,22,0.0001,1.2290626764297485,9310,37341,252,,
0.2781140000000005,1647,23,0.0001,0.06874643266201019,9473,37994,256,,
0.27176799999999957,1648,23,0.0001,0.1073949858546257,9556,38328,260,,
0.2691460000000001,1647,23,0.0001,0.08504432439804077,9591,38466,264,,
0.2637690000000005,1648,23,0.0001,0.0674479752779007,9662,38749,268,,
0.2597980000000002,1648,23,0.0001,0.11406797170639038,9714,38958,272,,
0.2552190000000004,1644,23,0.0001,0.33269003033638,9774,39199,276,,
0.24822699999999975,1645,24,0.0001,0.1984720230102539,9866,39567,280,,
0.24203299999999983,1645,24,0.0001,0.05669042095541954,9948,39893,284,,
0.24001899999999987,,,0.0001,0.3384750783443451,9974,40000,,249.4,38.11911478836555
0.23619999999999985,1628,24,0.0001,0.06668727844953537,10024,40200,288,,
0.23230499999999954,1627,24,0.0001,0.174382284283638,10076,40405,292,,
0.22858100000000003,1624,24,0.0001,0.1307634711265564,10125,40601,296,,
0.2252369999999999,1623,25,0.0001,0.06239320710301399,10169,40777,300,,
0.2168389999999999,1624,25,0.0001,0.10980110615491867,10279,41219,304,,
0.21167100000000005,1622,25,0.0001,0.09942411631345749,10347,41491,308,,
0.20523000000000058,1621,25,0.0001,0.10892272740602493,10432,41830,312,,
0.19951099999999955,1621,25,0.0001,0.11513358354568481,10507,42131,316,,
0.192006,1620,26,0.0001,0.09754738956689835,10606,42526,320,,
0.18602099999999966,1620,26,0.0001,0.04050522297620773,10685,42841,324,,
0.1790290000000001,1621,26,0.0001,0.1735815554857254,10777,43209,328,,
0.17433600000000016,1620,26,0.0001,0.36914220452308655,10838,43456,332,,
0.1696810000000003,1620,26,0.0001,0.07073153555393219,10900,43701,336,,
0.1661280000000004,1619,27,0.0001,0.09080792963504791,10946,43888,340,,
0.16147300000000042,1619,27,0.0001,0.08286920934915543,11008,44133,344,,
0.15828100000000056,1618,27,0.0001,0.29846155643463135,11050,44301,348,,
0.1545380000000004,1619,27,0.0001,0.09169791638851166,11099,44498,352,,
0.1509470000000006,1618,27,0.0001,0.4140002131462097,11146,44687,356,,
0.1450189999999998,,,0.0001,0.07103180140256882,11224,45000,,136.8,49.02988448515534
0.1448860000000003,1609,27,0.0001,0.09641089290380478,11226,45006,360,,
0.13878699999999988,1609,28,0.0001,0.10446815937757492,11306,45327,364,,
0.132004,1610,28,0.0001,0.04600825160741806,11395,45684,368,,
0.12759599999999982,1610,28,0.0001,0.08345630764961243,11453,45916,372,,
0.12168699999999977,1609,28,0.0001,0.10845164954662323,11531,46227,376,,
0.11739299999999964,1609,28,0.0001,0.08228149265050888,11588,46453,380,,
0.11262399999999961,1608,29,0.0001,0.08878880739212036,11650,46704,384,,
0.10795000000000021,1608,29,0.0001,0.14682629704475403,11712,46950,388,,
0.09976099999999999,1608,29,0.0001,0.07525386661291122,11820,47381,392,,
0.09238899999999994,1608,29,0.0001,0.08907543867826462,11917,47769,396,,
0.08541599999999983,1609,29,0.0001,0.06464047729969025,12008,48136,400,,
0.08076099999999997,1609,30,0.0001,0.223915696144104,12070,48381,404,,
0.0722489999999999,1608,30,0.0001,0.04852179065346718,12182,48829,408,,
0.06548500000000057,1609,30,0.0001,0.048153992742300034,12271,49185,412,,
0.05203299999999966,1608,31,0.0001,0.127407506108284,12448,49893,416,,
0.0500189999999997,,,0.0001,0.06923495978116989,12474,50000,,300.0,32.90196058154106
0.05,1591,31,0.0001,0.08462227880954742,12517,50171,420,,
0.05,1590,31,0.0001,0.4856818914413452,12624,50597,424,,
0.05,1590,31,0.0001,0.2907688617706299,12664,50758,428,,
0.05,1589,32,0.0001,0.10543741285800934,12727,51011,432,,
0.05,1589,32,0.0001,0.07390742003917694,12788,51255,436,,
0.05,1588,32,0.0001,0.07638531178236008,12911,51748,440,,
0.05,1587,33,0.0001,0.17580446600914001,13079,52418,444,,
0.05,1585,33,0.0001,0.5385512113571167,13135,52643,448,,
0.05,1585,33,0.0001,0.10887441039085388,13224,52999,452,,
0.05,1584,33,0.0001,0.09418569505214691,13275,53203,456,,
0.05,1584,33,0.0001,0.08681406825780869,13331,53427,460,,
0.05,1584,33,0.0001,0.24896319210529327,13374,53600,464,,
0.05,1585,34,0.0001,0.3700752556324005,13520,54184,468,,
0.05,1584,34,0.0001,0.05617505684494972,13602,54510,472,,
0.05,1584,34,0.0001,0.05087853595614433,13638,54654,476,,
0.05,,,0.0001,0.07106498628854752,13724,55000,,300.0,24.181306727416814
0.05,1571,35,0.0001,0.07727643102407455,13729,55018,480,,
0.05,1570,35,0.0001,0.09708194434642792,13845,55483,484,,
0.05,1570,35,0.0001,0.1661272644996643,13875,55601,488,,
0.05,1570,35,0.0001,0.06457580626010895,13915,55761,492,,
0.05,1569,35,0.0001,0.09601624310016632,14047,56289,496,,
0.05,1570,36,0.0001,0.10353715717792511,14210,56941,500,,
0.05,1569,36,0.0001,0.06680712848901749,14326,57406,504,,
0.05,1568,36,0.0001,0.14847463369369507,14450,57901,508,,
0.05,1568,37,0.0001,0.0643245205283165,14527,58210,512,,
0.05,1568,37,0.0001,0.09268934279680252,14694,58878,516,,
0.05,1568,37,0.0001,1.493836522102356,14750,59101,520,,
0.05,1568,37,0.0001,0.10392871499061584,14836,59446,524,,
0.05,1567,38,0.0001,0.09457568824291229,14933,59835,528,,
0.05,,,0.0001,0.36398938298225403,14974,60000,,300.0,9.71963283228688
0.05,1554,38,0.0001,0.10751958191394806,15002,60111,532,,
0.05,1554,38,0.0001,0.10540533810853958,15115,60563,536,,
0.05,1554,39,0.0001,0.2607748806476593,15220,60983,540,,
0.05,1555,39,0.0001,0.3736000657081604,15288,61254,544,,
0.05,1553,39,0.0001,0.24937894940376282,15412,61752,548,,
0.05,1553,39,0.0001,0.04937863349914551,15490,62063,552,,
0.05,1552,40,0.0001,0.09124436974525452,15551,62305,556,,
0.05,1552,40,0.0001,0.053639382123947144,15680,62821,560,,
0.05,1552,40,0.0001,0.7818140387535095,15769,63177,564,,
0.05,1552,40,0.0001,0.25727859139442444,15852,63510,568,,
0.05,1552,41,0.0001,0.07892479747533798,15947,63890,572,,
0.05,1553,41,0.0001,0.12155725061893463,16066,64365,576,,
0.05,1552,41,0.0001,0.0950913280248642,16169,64777,580,,
0.05,,,0.0001,1.446433424949646,16224,65000,,192.6,36.74598199552857
0.05,1545,42,0.0001,0.0612235851585865,16226,65006,584,,
0.05,1544,42,0.0001,0.29384851455688477,16284,65238,588,,
0.05,1544,42,0.0001,0.13367989659309387,16374,65597,592,,
0.05,1544,42,0.0001,0.5247584581375122,16450,65901,596,,
0.05,1545,42,0.0001,0.06486336141824722,16505,66122,600,,
0.05,1545,42,0.0001,0.07560156285762787,16582,66429,604,,
0.05,1545,43,0.0001,0.10177686810493469,16645,66682,608,,
0.05,1545,43,0.0001,0.05375152453780174,16751,67105,612,,
0.05,1545,43,0.0001,0.07020272314548492,16819,67378,616,,
0.05,1546,43,0.0001,0.08628161996603012,16923,67796,620,,
0.05,1545,44,0.0001,0.04121413826942444,16987,68051,624,,
0.05,1546,44,0.0001,0.1432700902223587,17075,68401,628,,
0.05,1546,44,0.0001,0.04932856187224388,17158,68733,632,,
0.05,1546,44,0.0001,0.1259070336818695,17276,69207,636,,
0.05,1546,44,0.0001,0.10775204747915268,17358,69535,640,,
0.05,,,0.0001,0.08892586082220078,17474,70000,,300.0,25.04389811679721
0.05,1535,45,0.0001,0.28584426641464233,17482,70030,644,,
0.05,1535,45,0.0001,0.09898611903190613,17524,70199,648,,
0.05,1533,45,0.0001,0.32935401797294617,17603,70514,652,,
0.05,1532,46,0.0001,0.1234222874045372,17656,70726,656,,
0.05,1533,46,0.0001,0.2992425262928009,17738,71053,660,,
0.05,1532,46,0.0001,0.08723344653844833,17819,71380,664,,
0.05,1532,46,0.0001,0.27776655554771423,17860,71541,668,,
0.05,1531,46,0.0001,0.05788585916161537,17919,71780,672,,
0.05,1530,47,0.0001,0.07471729069948196,18001,72106,676,,
0.05,1528,47,0.0001,0.1945924609899521,18063,72353,680,,
0.05,1528,47,0.0001,0.07107430696487427,18131,72625,684,,
0.05,1527,47,0.0001,0.1065303161740303,18198,72894,688,,
0.05,1527,47,0.0001,0.10952863842248917,18261,73147,692,,
0.05,1527,48,0.0001,0.09852578490972519,18327,73411,696,,
0.05,1526,48,0.0001,0.0997382253408432,18408,73734,700,,
0.05,1525,48,0.0001,0.06783154606819153,18474,73999,704,,
0.05,1525,48,0.0001,0.13589730858802795,18538,74255,708,,
0.05,1524,48,0.0001,0.13032792508602142,18617,74570,712,,
0.05,1523,49,0.0001,0.0954568088054657,18671,74786,716,,
0.05,,,0.0001,0.10915537923574448,18724,75000,,138.0,33.93133351691067
0.05,1518,49,0.0001,0.07376018911600113,18732,75032,720,,
0.05,1517,49,0.0001,1.2988568544387817,18789,75257,724,,
0.05,1517,49,0.0001,0.055525220930576324,18829,75420,728,,
0.05,1516,49,0.0001,0.08843237906694412,18934,75838,732,,
0.05,1516,50,0.0001,0.422812283039093,18993,76073,736,,
0.05,1516,50,0.0001,1.2538557052612305,19040,76262,740,,
0.05,1515,50,0.0001,0.22489245235919952,19102,76510,744,,
0.05,1514,50,0.0001,0.05300306901335716,19232,77029,748,,
0.05,1513,51,0.0001,0.06643660366535187,19299,77298,752,,
0.05,1513,51,0.0001,0.08030632138252258,19408,77733,756,,
0.05,1512,51,0.0001,0.09766001999378204,19488,78054,760,,
0.05,1512,51,0.0001,0.06804177165031433,19549,78300,764,,
0.05,1512,51,0.0001,0.051203686743974686,19626,78606,768,,
0.05,1511,52,0.0001,0.08890170603990555,19689,78858,772,,
0.05,1511,52,0.0001,0.06786319613456726,19770,79181,776,,
0.05,1511,52,0.0001,0.08674636483192444,19836,79446,780,,
0.05,1510,52,0.0001,0.18210704624652863,19919,79778,784,,
0.05,,,0.0001,0.123213991522789,19974,80000,,300.0,28.98402926833369
0.05,1499,53,0.0001,0.04526136815547943,20040,80261,788,,
0.05,1499,53,0.0001,0.08497768640518188,20102,80511,792,,
0.05,1498,53,0.0001,0.13540759682655334,20158,80733,796,,
0.05,1497,54,0.0001,0.0842384621500969,20232,81030,800,,
0.05,1497,54,0.0001,0.0797211229801178,20352,81509,804,,
0.05,1496,54,0.0001,0.06366311758756638,20443,81875,808,,
0.05,1496,55,0.0001,0.14454294741153717,20611,82545,812,,
0.05,1495,55,0.0001,0.03436668589711189,20649,82700,816,,
0.05,1494,55,0.0001,0.1819225400686264,20744,83080,820,,
0.05,1494,55,0.0001,0.04657483473420143,20808,83333,824,,
0.05,1492,56,0.0001,0.22203131020069122,20910,83743,828,,
0.05,1492,56,0.0001,0.39624229073524475,21029,84220,832,,
0.05,1492,56,0.0001,0.10639210790395737,21172,84790,836,,
0.05,,,0.0001,0.05141674354672432,21224,85000,,300.0,16.088542142510413
0.05,1483,57,0.0001,1.272662878036499,21249,85097,840,,
0.05,1482,57,0.0001,0.13768254220485687,21351,85508,844,,
0.05,1482,57,0.0001,0.06861546635627747,21445,85883,848,,
0.05,1482,58,0.0001,0.14624841511249542,21515,86161,852,,
0.05,1481,58,0.0001,0.06984572112560272,21608,86536,856,,
0.05,1481,58,0.0001,0.08363956958055496,21712,86949,860,,
0.05,1481,58,0.0001,0.09391013532876968,21813,87353,864,,
0.05,1481,59,0.0001,0.10303248465061188,21906,87728,868,,
0.05,1481,59,0.0001,0.03592256084084511,22068,88375,872,,
0.05,1481,59,0.0001,0.5698249936103821,22114,88559,876,,
0.05,1481,60,0.0001,0.06762609630823135,22233,89036,880,,
0.05,1480,60,0.0001,0.06576424837112427,22274,89197,884,,
0.05,1480,60,0.0001,0.35615792870521545,22308,89336,888,,
0.05,1480,60,0.0001,0.10941916704177856,22455,89923,892,,
0.05,,,0.0001,0.3977263569831848,22474,90000,,300.0,10.893702955730259
0.05,1470,61,0.0001,0.057517193257808685,22568,90376,896,,
0.05,1470,61,0.0001,0.06930860131978989,22607,90532,900,,
0.05,1470,61,0.0001,0.09524547308683395,22651,90708,904,,
0.05,1468,61,0.0001,0.05094758793711662,22733,91033,908,,
0.05,1468,62,0.0001,0.08893848210573196,22844,91479,912,,
0.05,1468,62,0.0001,0.04479147493839264,22971,91986,916,,
0.05,1468,62,0.0001,0.04012883082032204,23026,92205,920,,
0.05,1468,63,0.0001,0.0816701203584671,23134,92640,924,,
0.05,1466,63,0.0001,0.04766581207513809,23209,92938,928,,
0.05,1464,63,0.0001,0.060748904943466187,23319,93377,932,,
0.05,1462,64,0.0001,0.04902307316660881,23517,94171,936,,
0.05,1461,64,0.0001,0.02672429196536541,23602,94512,940,,
0.05,1460,64,0.0001,0.09009756147861481,23687,94849,944,,
0.05,,,0.0001,0.07391530275344849,23724,95000,,300.0,33.430257719382645
0.05,1452,65,0.0001,0.03750019520521164,23774,95199,948,,
0.05,1452,65,0.0001,0.06337819248437881,23867,95571,952,,
0.05,1452,65,0.0001,0.04625596106052399,23942,95870,956,,
0.05,1452,66,0.0001,0.12314171344041824,23981,96027,960,,
0.05,1452,66,0.0001,0.03320164233446121,24041,96266,964,,
0.05,1452,66,0.0001,0.03982679545879364,24183,96836,968,,
0.05,1451,67,0.0001,0.11267969757318497,24305,97323,972,,
0.05,1451,67,0.0001,0.03830866143107414,24358,97535,976,,
0.05,1451,67,0.0001,0.07936515659093857,24485,98042,980,,
0.05,1451,67,0.0001,0.09175070375204086,24611,98546,984,,
0.05,1451,68,0.0001,0.1378759890794754,24706,98925,988,,
0.05,1451,68,0.0001,0.0637534037232399,24800,99302,992,,
0.05,1450,68,0.0001,0.04157654941082001,24903,99713,996,,
0.05,,,0.0001,0.061102911829948425,24974,100000,,300.0,40.33016222715378
0.05,1443,69,0.0001,0.340891569852829,25014,100160,1000,,
0.05,1440,69,0.0001,0.07628071308135986,25118,100573,1004,,
0.05,1440,69,0.0001,0.052099570631980896,25171,100785,1008,,
0.05,1438,70,0.0001,0.07129020243883133,25352,101511,1012,,
0.05,1438,70,0.0001,0.08930564671754837,25481,102028,1016,,
0.05,1438,71,0.0001,0.07949403673410416,25575,102401,1020,,
0.05,1438,71,0.0001,0.06362061947584152,25722,102990,1024,,
0.05,1438,71,0.0001,0.04590922221541405,25795,103283,1028,,
0.05,1437,72,0.0001,0.493531197309494,25877,103610,1032,,
0.05,1437,72,0.0001,0.053798943758010864,25949,103898,1036,,
0.05,1437,72,0.0001,0.10178554058074951,26083,104435,1040,,
0.05,1437,72,0.0001,0.338728129863739,26179,104820,1044,,
0.05,,,0.0001,0.07833916693925858,26224,105000,,300.0,31.67865768671036
0.05,1430,73,0.0001,0.4232034385204315,26304,105320,1048,,
0.05,1430,73,0.0001,0.059502165764570236,26360,105543,1052,,
0.05,1431,74,0.0001,0.07557569444179535,26475,106003,1056,,
0.05,1431,74,0.0001,0.13336551189422607,26661,106745,1060,,
0.05,1431,74,0.0001,0.04228266701102257,26750,107103,1064,,
0.05,1431,74,0.0001,0.0488298125565052,26807,107330,1068,,
0.05,1431,75,0.0001,0.06177292764186859,26884,107638,1072,,
0.05,1430,75,0.0001,0.08034788072109222,26982,108029,1076,,
0.05,1431,75,0.0001,0.0426558181643486,27041,108268,1080,,
0.05,1430,75,0.0001,0.0825006440281868,27129,108619,1084,,
0.05,1430,76,0.0001,0.07077088207006454,27186,108848,1088,,
0.05,1430,76,0.0001,0.45697736740112305,27293,109275,1092,,
0.05,,,0.0001,0.18906176090240479,27474,110000,,300.0,27.68219632920809
0.05,1424,77,0.0001,0.07947798073291779,27516,110166,1096,,
0.05,1424,77,0.0001,0.072360560297966,27621,110585,1100,,
0.05,1424,78,0.0001,0.07138590514659882,27782,111229,1104,,
0.05,1423,78,0.0001,0.08454317599534988,27888,111655,1108,,
0.05,1423,78,0.0001,0.3913830518722534,28018,112174,1112,,
0.05,1423,79,0.0001,0.06421519070863724,28161,112748,1116,,
0.05,1422,79,0.0001,0.052067697048187256,28273,113194,1120,,
0.05,1423,79,0.0001,0.05736123025417328,28433,113835,1124,,
0.05,1423,80,0.0001,0.15682479739189148,28468,113974,1128,,
0.05,1423,80,0.0001,0.059511538594961166,28609,114537,1132,,
0.05,,,0.0001,0.07959204167127609,28724,115000,,300.0,38.94641804099083
0.05,1417,81,0.0001,0.028667118400335312,28791,115267,1136,,
0.05,1416,81,0.0001,0.0534195676445961,28868,115574,1140,,
0.05,1417,81,0.0001,0.0360652394592762,29025,116203,1144,,
0.05,1417,82,0.0001,0.0863969624042511,29193,116873,1148,,
0.05,1417,82,0.0001,0.054435912519693375,29305,117322,1152,,
0.05,1417,83,0.0001,0.9748412370681763,29396,117686,1156,,
0.05,1417,83,0.0001,0.0704599916934967,29519,118179,1160,,
0.05,1417,83,0.0001,0.09439203143119812,29610,118543,1164,,
0.05,1417,84,0.0001,0.054476529359817505,29805,119322,1168,,
0.05,1417,84,0.0001,0.10987943410873413,29922,119792,1172,,
0.05,,,0.0001,0.06290719658136368,29974,120000,,300.0,6.2161926418542865
0.05,1410,85,0.0001,0.06811687350273132,30222,120992,1176,,
0.05,1409,86,0.0001,0.06073342263698578,30409,121739,1180,,
0.05,1409,86,0.0001,0.5314571857452393,30551,122305,1184,,
0.05,1410,87,0.0001,0.03767552226781845,30706,122925,1188,,
0.05,1410,87,0.0001,0.06284301728010178,30846,123485,1192,,
0.05,1410,87,0.0001,0.11373549699783325,30944,123879,1196,,
0.05,1410,88,0.0001,0.029197396710515022,31109,124539,1200,,
0.05,,,0.0001,0.05518024042248726,31224,125000,,300.0,19.219482719898224
0.05,1405,89,0.0001,0.06294256448745728,31315,125363,1204,,
0.05,1405,89,0.0001,0.044457413256168365,31478,126013,1208,,
0.05,1405,89,0.0001,0.1517813801765442,31573,126395,1212,,
0.05,1405,90,0.0001,0.2966940402984619,31694,126877,1216,,
0.05,1405,90,0.0001,0.6877825260162354,31842,127472,1220,,
0.05,1405,90,0.0001,0.029967421665787697,31907,127730,1224,,
0.05,1405,91,0.0001,0.04728164151310921,32065,128361,1228,,
0.05,1405,91,0.0001,0.04538685455918312,32134,128637,1232,,
0.05,1405,91,0.0001,0.11359097808599472,32226,129007,1236,,
0.05,1405,92,0.0001,0.06167519837617874,32371,129587,1240,,
0.05,,,0.0001,0.0626932680606842,32474,130000,,300.0,19.301336738467217
0.05,1399,93,0.0001,0.29935789108276367,32544,130279,1244,,
0.05,1399,93,0.0001,0.05470913648605347,32655,130724,1248,,
0.05,1399,93,0.0001,0.05259446054697037,32776,131205,1252,,
0.05,1399,94,0.0001,0.3143543601036072,32979,132019,1256,,
0.05,1398,94,0.0001,0.032203659415245056,33076,132406,1260,,
0.05,1398,95,0.0001,0.051355015486478806,33247,133092,1264,,
0.05,1398,95,0.0001,0.021899428218603134,33375,133601,1268,,
0.05,1398,96,0.0001,0.07646583020687103,33600,134504,1272,,
0.05,,,0.0001,0.06970496475696564,33724,135000,,77.0,33.953150832653044
0.05,1397,96,0.0001,0.04440436512231827,33756,135127,1276,,
0.05,1397,96,0.0001,0.04335065931081772,33820,135382,1280,,
0.05,1397,97,0.0001,0.05157441645860672,34036,136245,1284,,
0.05,1397,97,0.0001,0.09653150290250778,34186,136845,1288,,
0.05,1397,98,0.0001,0.03526153042912483,34382,137630,1292,,
0.05,1397,98,0.0001,0.21329668164253235,34479,138019,1296,,
0.05,1397,99,0.0001,0.04264351725578308,34584,138438,1300,,
0.05,1397,99,0.0001,0.056707367300987244,34732,139031,1304,,
0.05,1397,99,0.0001,0.07958921045064926,34874,139599,1308,,
0.05,1397,100,0.0001,0.5037688612937927,34954,139917,1312,,
0.05,,,0.0001,0.049388810992240906,34974,140000,,300.0,28.980033381842077
0.05,1392,100,0.0001,0.1144564300775528,35118,140576,1316,,
0.05,1391,101,0.0001,0.03921610116958618,35273,141193,1320,,
0.05,1391,101,0.0001,0.03931476175785065,35344,141479,1324,,
0.05,1390,102,0.0001,0.049946509301662445,35480,142023,1328,,
0.05,1390,102,0.0001,0.3495987355709076,35581,142426,1332,,
0.05,1390,102,0.0001,0.046746138483285904,35724,142997,1336,,
0.05,1390,102,0.0001,0.0879688709974289,35773,143194,1340,,
0.05,1390,103,0.0001,0.03326741233468056,35946,143886,1344,,
0.05,1390,103,0.0001,0.4974669814109802,36019,144177,1348,,
0.05,1390,104,0.0001,0.04594118520617485,36199,144900,1352,,
0.05,,,0.0001,1.1680878400802612,36224,145000,,300.0,15.244295286945999
0.05,1386,104,0.0001,0.03275546804070473,36281,145225,1356,,
0.05,1386,104,0.0001,0.03814365714788437,36349,145498,1360,,
0.05,1386,105,0.0001,0.07508931308984756,36607,146529,1364,,
0.05,1386,105,0.0001,0.08582043647766113,36708,146936,1368,,
0.05,1386,106,0.0001,0.05118104815483093,36902,147709,1372,,
0.05,1386,106,0.0001,0.505905270576477,37035,148242,1376,,
0.05,1386,107,0.0001,0.032358184456825256,37186,148846,1380,,
0.05,1386,107,0.0001,0.06730923056602478,37275,149202,1384,,
0.05,1386,107,0.0001,0.06255479156970978,37403,149713,1388,,
0.05,,,0.0001,0.04207589104771614,37474,150000,,300.0,26.92594459056854
0.05,1381,108,0.0001,0.07615329325199127,37544,150278,1392,,
0.05,1381,109,0.0001,0.037015121430158615,37729,151017,1396,,
0.05,1381,109,0.0001,0.04503314197063446,37923,151795,1400,,
0.05,1381,110,0.0001,0.044332731515169144,38090,152464,1404,,
0.05,1381,110,0.0001,0.08021301031112671,38284,153240,1408,,
0.05,1381,111,0.0001,0.04451384022831917,38417,153770,1412,,
0.05,1381,111,0.0001,0.11970251053571701,38623,154593,1416,,
0.05,1381,112,0.0001,0.05600902438163757,38685,154841,1420,,
0.05,,,0.0001,0.04729384928941727,38724,155000,,300.0,18.166688041761518
0.05,1377,112,0.0001,0.028979044407606125,38786,155245,1424,,
0.05,1377,113,0.0001,0.09780284762382507,38938,155853,1428,,
0.05,1377,113,0.0001,0.03648550808429718,39126,156608,1432,,
0.05,1377,114,0.0001,0.05810686945915222,39312,157349,1436,,
0.05,1376,114,0.0001,0.0404084250330925,39417,157770,1440,,
0.05,1376,115,0.0001,0.055979449301958084,39583,158433,1444,,
0.05,1376,115,0.0001,0.02557617425918579,39712,158950,1448,,
0.05,1376,115,0.0001,0.06535312533378601,39886,159646,1452,,
0.05,,,0.0001,0.028219960629940033,39974,160000,,300.0,41.12627895176411
0.05,1371,116,0.0001,0.3205112814903259,40071,160388,1456,,
0.05,1370,117,0.0001,0.04024413973093033,40267,161170,1460,,
0.05,1369,118,0.0001,0.13384300470352173,40507,162129,1464,,
0.05,1369,118,0.0001,0.054243553429841995,40667,162769,1468,,
0.05,1369,119,0.0001,0.03299364820122719,40900,163701,1472,,
0.05,1369,119,0.0001,0.034013569355010986,41041,164266,1476,,
0.05,1370,120,0.0001,0.08065381646156311,41147,164692,1480,,
0.05,,,0.0001,0.042664896696805954,41224,165000,,300.0,28.352515299618243
0.05,1366,121,0.0001,0.032597966492176056,41349,165497,1484,,
0.05,1366,121,0.0001,0.2967779338359833,41470,165983,1488,,
0.05,1366,122,0.0001,0.01694335602223873,41705,166924,1492,,
0.05,1366,122,0.0001,0.11512082070112228,41769,167180,1496,,
0.05,1366,122,0.0001,0.038513533771038055,41944,167879,1500,,
0.05,1366,123,0.0001,0.07091778516769409,42070,168381,1504,,
0.05,1366,123,0.0001,0.045704033225774765,42211,168946,1508,,
0.05,1366,124,0.0001,0.0641559362411499,42386,169647,1512,,
0.05,,,0.0001,0.01627032831311226,42474,170000,,300.0,25.195280919782817
0.05,1361,125,0.0001,0.07349901646375656,42600,170502,1516,,
0.05,1361,125,0.0001,0.035072606056928635,42797,171291,1520,,
0.05,1360,126,0.0001,0.037159163504838943,42988,172056,1524,,
0.05,1360,126,0.0001,0.03408493846654892,43137,172652,1528,,
0.05,1360,127,0.0001,0.10986098647117615,43336,173447,1532,,
0.05,1360,127,0.0001,0.03634427860379219,43481,174028,1536,,
0.05,1360,128,0.0001,0.021594898775219917,43637,174651,1540,,
0.05,,,0.0001,0.02221313863992691,43724,175000,,300.0,12.538052080571651
0.05,1357,129,0.0001,0.025588352233171463,43829,175419,1544,,
0.05,1357,129,0.0001,0.040783315896987915,44062,176352,1548,,
0.05,1357,130,0.0001,0.028318090364336967,44138,176653,1552,,
0.05,1357,130,0.0001,0.05411471053957939,44382,177631,1556,,
0.05,1357,131,0.0001,0.061252396553754807,44472,177990,1560,,
0.05,1357,131,0.0001,0.03383931890130043,44641,178666,1564,,
0.05,1357,132,0.0001,0.03551600128412247,44768,179173,1568,,
0.05,1357,132,0.0001,0.044814545661211014,44894,179677,1572,,
0.05,,,0.0001,0.047790586948394775,44974,180000,,300.0,24.816212064027788
0.05,1353,133,0.0001,0.040899865329265594,45034,180238,1576,,
0.05,1353,133,0.0001,0.06905853003263474,45133,180635,1580,,
0.05,1352,133,0.0001,0.050503093749284744,45273,181194,1584,,
0.05,1352,134,0.0001,0.052005693316459656,45425,181802,1588,,
0.05,1352,134,0.0001,0.16460120677947998,45585,182442,1592,,
0.05,1352,135,0.0001,0.045977603644132614,45792,183269,1596,,
0.05,1352,135,0.0001,0.14075486361980438,45913,183755,1600,,
0.05,1352,136,0.0001,0.020206842571496964,46126,184608,1604,,
0.05,,,0.0001,0.036312442272901535,46224,185000,,300.0,19.068378430604934
0.05,1348,137,0.0001,0.03152555227279663,46355,185522,1608,,
0.05,1348,138,0.0001,0.02923715114593506,46561,186347,1612,,
0.05,1348,138,0.0001,0.15134693682193756,46757,187132,1616,,
0.05,1348,139,0.0001,0.04012566804885864,46943,187873,1620,,
0.05,1349,139,0.0001,0.04865070432424545,47106,188527,1624,,
0.05,1349,140,0.0001,0.018479391932487488,47240,189063,1628,,
0.05,1348,140,0.0001,0.023519523441791534,47361,189545,1632,,
0.05,,,0.0001,0.042611464858055115,47474,190000,,300.0,23.67837405204773
0.05,1345,141,0.0001,0.02128325030207634,47565,190361,1636,,
0.05,1344,142,0.0001,0.06816898286342621,47770,191182,1640,,
0.05,1344,142,0.0001,0.041074566543102264,47975,192003,1644,,
0.05,1344,143,0.0001,0.040887847542762756,48109,192540,1648,,
0.05,1343,143,0.0001,0.03437604755163193,48288,193253,1652,,
0.05,1344,144,0.0001,0.03833213448524475,48499,194098,1656,,
0.05,,,0.0001,0.37131717801094055,48724,195000,,300.0,26.50914662480354
0.05,1340,145,0.0001,0.051228515803813934,48746,195087,1660,,
0.05,1339,146,0.0001,0.022637896239757538,49003,196113,1664,,
0.05,1339,147,0.0001,0.022636670619249344,49259,197138,1668,,
0.05,1339,147,0.0001,0.039412274956703186,49370,197582,1672,,
0.05,1339,148,0.0001,0.020368903875350952,49613,198556,1676,,
0.05,1340,148,0.0001,0.05110793188214302,49852,199510,1680,,
0.05,,,0.0001,0.38313016295433044,49974,200000,,300.0,25.00050487779081
0.05,1336,149,0.0001,1.6451090574264526,50009,200140,1684,,
0.05,1336,150,0.0001,0.02419693022966385,50297,201291,1688,,
0.05,1336,150,0.0001,0.06049324572086334,50369,201579,1692,,
0.05,1336,151,0.0001,0.041801564395427704,50622,202592,1696,,
0.05,1335,152,0.0001,0.08332682400941849,50780,203224,1700,,
0.05,1336,152,0.0001,0.10172215849161148,50980,204024,1704,,
0.05,1335,153,0.0001,0.04670282453298569,51209,204940,1708,,
0.05,,,0.0001,0.03580993041396141,51224,205000,,300.0,6.764046531915665
0.05,1332,154,0.0001,0.03966322913765907,51386,205647,1712,,
0.05,1333,154,0.0001,0.039004914462566376,51590,206464,1716,,
0.05,1332,155,0.0001,0.026557819917798042,51743,207076,1720,,
0.05,1332,155,0.0001,0.04292669519782066,51909,207737,1724,,
0.05,1332,156,0.0001,0.02301645651459694,52051,208305,1728,,
0.05,1332,156,0.0001,0.037282418459653854,52246,209087,1732,,
0.05,1332,157,0.0001,0.03524728864431381,52434,209840,1736,,
0.05,,,0.0001,0.03206002339720726,52474,210000,,300.0,11.591945827007294
0.05,1329,158,0.0001,1.1653823852539062,52663,210755,1740,,
0.05,1328,159,0.0001,0.048160381615161896,52849,211499,1744,,
0.05,1328,159,0.0001,0.036372702568769455,53106,212527,1748,,
0.05,1328,160,0.0001,0.021583780646324158,53351,213505,1752,,
0.05,1328,161,0.0001,0.038207218050956726,53518,214174,1756,,
0.05,1328,161,0.0001,0.028999965637922287,53615,214561,1760,,
0.05,,,0.0001,0.015559214167296886,53724,215000,,300.0,14.273236032389104
0.05,1325,162,0.0001,0.01938357576727867,53805,215324,1764,,
0.05,1325,163,0.0001,0.0629177913069725,53988,216056,1768,,
0.05,1325,163,0.0001,0.028377223759889603,54192,216869,1772,,
0.05,1325,164,0.0001,0.02012617513537407,54467,217969,1776,,
0.05,1325,165,0.0001,1.3640012741088867,54676,218808,1780,,
0.05,1325,165,0.0001,0.019338272511959076,54790,219262,1784,,
0.05,,,0.0001,0.34151968359947205,54974,220000,,300.0,15.786669769883156
0.05,1322,166,0.0001,0.07892408967018127,54978,220014,1788,,
0.05,1321,167,0.0001,0.038940273225307465,55240,221063,1792,,
0.05,1321,168,0.0001,0.015118780545890331,55489,222057,1796,,
0.05,1321,168,0.0001,0.050938256084918976,55789,223257,1800,,
0.05,1321,169,0.0001,0.0217489842325449,56017,224170,1804,,
0.05,1321,170,0.0001,0.023281116038560867,56223,224995,1808,,
0.05,,,0.0001,0.022005217149853706,56224,225000,,300.0,24.86164847314358
0.05,1317,171,0.0001,0.2443888634443283,56424,225797,1812,,
0.05,1317,172,0.0001,0.044150933623313904,56660,226741,1816,,
0.05,1317,173,0.0001,0.026667756959795952,56946,227888,1820,,
0.05,1316,173,0.0001,0.07306420058012009,57134,228638,1824,,
0.05,1315,174,0.0001,0.1979079246520996,57349,229499,1828,,
0.05,,,0.0001,0.019536444917321205,57474,230000,,300.0,32.74339437372983
0.05,1311,175,0.0001,0.03378506004810333,57492,230071,1832,,
0.05,1310,176,0.0001,0.03462794050574303,57681,230828,1836,,
0.05,1310,176,0.0001,0.02617444097995758,57866,231568,1840,,
0.05,1310,177,0.0001,0.03224208950996399,58056,232326,1844,,
0.05,1309,177,0.0001,0.015398590825498104,58203,232915,1848,,
0.05,1309,178,0.0001,0.02818911522626877,58460,233942,1852,,
0.05,1309,179,0.0001,0.023255953565239906,58705,234923,1856,,
0.05,,,0.0001,0.026072636246681213,58724,235000,,300.0,20.414009058475493
0.05,1307,180,0.0001,0.020600562915205956,58916,235766,1860,,
0.05,1307,180,0.0001,0.04378567263484001,59071,236386,1864,,
0.05,1307,181,0.0001,0.10485897958278656,59288,237256,1868,,
0.05,1307,182,0.0001,0.019500598311424255,59450,237904,1872,,
0.05,1307,182,0.0001,0.03238299489021301,59666,238765,1876,,
0.05,1307,183,0.0001,0.6116349101066589,59845,239482,1880,,
0.05,,,0.0001,0.024320116266608238,59974,240000,,300.0,15.330019531585275
0.05,1303,184,0.0001,0.028233110904693604,60125,240604,1884,,
0.05,1303,185,0.0001,0.01704108528792858,60367,241570,1888,,
0.05,1303,186,0.0001,0.4505479335784912,60617,242570,1892,,
0.05,1303,186,0.0001,0.019822461530566216,60844,243480,1896,,
0.05,1303,187,0.0001,0.01270373910665512,61041,244267,1900,,
0.05,1303,187,0.0001,0.06571458280086517,61211,244945,1904,,
0.05,,,0.0001,0.15223723649978638,61224,245000,,300.0,10.790846979618072
0.05,1300,189,0.0001,0.0388040617108345,61444,245877,1908,,
0.05,1300,189,0.0001,0.02036721631884575,61659,246738,1912,,
0.05,1300,189,0.0001,1.2110538482666016,61752,247112,1916,,
0.05,1300,190,0.0001,0.03357328101992607,61985,248041,1920,,
0.05,1300,191,0.0001,0.13476970791816711,62224,249000,1924,,
0.05,,,0.0001,0.02383364550769329,62474,250000,,300.0,16.871928691864014
0.05,1298,192,0.0001,0.29937437176704407,62478,250013,1928,,
0.05,1297,193,0.0001,0.01563229225575924,62715,250962,1932,,
0.05,1297,194,0.0001,0.03330852463841438,62978,252016,1936,,
0.05,1297,194,0.0001,0.03441077843308449,63153,252715,1940,,
0.05,1297,195,0.0001,0.033628687262535095,63430,253821,1944,,
0.05,1297,196,0.0001,0.019242899492383003,63592,254470,1948,,
0.05,,,0.0001,0.023077724501490593,63724,255000,,300.0,9.953368490561843
0.05,1294,197,0.0001,0.05363725125789642,63759,255138,1952,,
0.05,1294,197,0.0001,1.2520582675933838,63980,256022,1956,,
0.05,1294,198,0.0001,0.02087385207414627,64187,256850,1960,,
0.05,1294,199,0.0001,0.03662968426942825,64419,257778,1964,,
0.05,1294,199,0.0001,0.0314335934817791,64645,258681,1968,,
0.05,1294,200,0.0001,0.03992224112153053,64858,259533,1972,,
0.05,,,0.0001,0.029980499297380447,64974,260000,,300.0,13.297066274285317
0.05,1291,201,0.0001,0.11665426939725876,65035,260242,1976,,
0.05,1291,202,0.0001,0.027103448286652565,65298,261295,1980,,
0.05,1291,203,0.0001,0.02638796716928482,65561,262348,1984,,
0.05,1290,203,0.0001,0.009662995114922523,65806,263326,1988,,
0.05,1290,204,0.0001,0.0343233160674572,66106,264526,1992,,
0.05,,,0.0001,0.3778243362903595,66224,265000,,300.0,18.401822682842614
0.05,1288,205,0.0001,0.28330931067466736,66292,265270,1996,,
0.05,1288,206,0.0001,0.03163764253258705,66530,266222,2000,,
0.05,1288,207,0.0001,0.1594877690076828,66691,266868,2004,,
0.05,1288,207,0.0001,0.009640278294682503,66885,267643,2008,,
0.05,1288,208,0.0001,0.01967133954167366,67140,268661,2012,,
0.05,1288,209,0.0001,0.02291366085410118,67400,269701,2016,,
0.05,,,0.0001,0.017733141779899597,67474,270000,,300.0,33.43039590381086
0.05,1285,210,0.0001,0.023164376616477966,67646,270686,2020,,
0.05,1285,211,0.0001,0.06444001197814941,67885,271642,2024,,
0.05,1285,212,0.0001,0.01785249635577202,68150,272702,2028,,
0.05,1285,212,0.0001,0.02598942443728447,68376,273605,2032,,
0.05,1285,213,0.0001,0.020019277930259705,68656,274727,2036,,
0.05,,,0.0001,0.08094943314790726,68724,275000,,300.0,12.936240511387586
0.05,1282,214,0.0001,0.023633617907762527,68846,275485,2040,,
0.05,1282,215,0.0001,0.012241067364811897,69146,276685,2044,,
0.05,1282,216,0.0001,0.028173241764307022,69318,277376,2048,,
0.05,1282,216,0.0001,0.012170512229204178,69533,278234,2052,,
0.05,1282,217,0.0001,0.022655116394162178,69769,279179,2056,,
0.05,,,0.0001,0.03179498389363289,69974,280000,,300.0,15.47393784346059
0.05,1280,218,0.0001,0.02563444897532463,70024,280197,2060,,
0.05,1279,219,0.0001,0.030825328081846237,70324,281397,2064,,
0.05,1279,220,0.0001,0.024547575041651726,70609,282537,2068,,
0.05,1279,221,0.0001,0.4870307445526123,70863,283555,2072,,
0.05,1279,222,0.0001,0.3628355860710144,71158,284735,2076,,
0.05,,,0.0001,0.02599278651177883,71224,285000,,300.0,24.510353642702103
0.05,1277,223,0.0001,0.0249616838991642,71458,285935,2080,,
0.05,1277,224,0.0001,0.009153093211352825,71664,286759,2084,,
0.05,1277,225,0.0001,0.014450178481638432,71915,287762,2088,,
0.05,1277,225,0.0001,0.020284300670027733,72160,288742,2092,,
0.05,1277,226,0.0001,0.020882518962025642,72357,289529,2096,,
0.05,,,0.0001,0.012564955279231071,72474,290000,,300.0,13.65410648584366
0.05,1275,227,0.0001,0.1314433217048645,72657,290729,2100,,
0.05,1274,229,0.0001,0.032500043511390686,72957,291929,2104,,
0.05,1274,229,0.0001,0.03902765363454819,73190,292862,2108,,
0.05,1274,230,0.0001,0.02125214971601963,73440,293864,2112,,
0.05,1274,231,0.0001,0.03413832187652588,73681,294827,2116,,
0.05,,,0.0001,0.19278675317764282,73724,295000,,300.0,25.177565026283265
0.05,1270,232,0.0001,0.030253687873482704,73981,296027,2120,,
0.05,1268,234,0.0001,0.2714444398880005,74189,296860,2124,,
0.05,1267,234,0.0001,1.0674560070037842,74437,297849,2128,,
0.05,1267,235,0.0001,0.012931001372635365,74737,299049,2132,,
0.05,,,0.0001,0.013450422324240208,74974,300000,,300.0,22.490016728639603
0.05,1261,237,0.0001,0.03902062028646469,74989,300058,2136,,
0.05,1259,238,0.0001,0.030880523845553398,75188,300853,2140,,
0.05,1255,240,0.0001,0.010090308263897896,75406,301725,2144,,
0.05,1252,241,0.0001,0.02068639174103737,75658,302736,2148,,
0.05,1250,242,0.0001,0.18936491012573242,75912,303751,2152,,
0.05,1247,244,0.0001,0.03468944877386093,76102,304510,2156,,
0.05,,,0.0001,0.013011324219405651,76224,305000,,300.0,14.424343625083566
0.05,1241,246,0.0001,1.2773895263671875,76402,305710,2160,,
0.05,1239,247,0.0001,0.015115637332201004,76657,306732,2164,,
0.05,1235,249,0.0001,0.03409161418676376,76957,307932,2168,,
0.05,1233,250,0.0001,0.023264607414603233,77143,308674,2172,,
0.05,1232,251,0.0001,0.12798602879047394,77374,309597,2176,,
0.05,,,0.0001,0.011983105912804604,77474,310000,,300.0,17.13600176721811
0.05,1228,252,0.0001,1.3012175559997559,77572,310389,2180,,
0.05,1227,253,0.0001,0.04407302290201187,77762,311151,2184,,
0.05,1226,254,0.0001,0.01694784313440323,77958,311933,2188,,
0.05,1224,255,0.0001,0.02952365204691887,78258,313133,2192,,
0.05,1223,256,0.0001,0.02606457844376564,78430,313821,2196,,
0.05,1222,257,0.0001,0.034161895513534546,78717,314970,2200,,
0.05,,,0.0001,1.8922277688980103,78724,315000,,300.0,27.236619165539743
0.05,1218,259,0.0001,0.02648692950606346,79017,316170,2204,,
0.05,1216,260,0.0001,0.015118247829377651,79317,317370,2208,,
0.05,1215,261,0.0001,1.2940868139266968,79548,318296,2212,,
0.05,1214,262,0.0001,0.013009360991418362,79702,318909,2216,,
0.05,1213,263,0.0001,0.022333042696118355,79943,319875,2220,,
0.05,,,0.0001,0.1545088142156601,79974,320000,,300.0,27.929587279260158
0.05,1208,265,0.0001,0.021969284862279892,80222,320990,2224,,
0.05,1207,266,0.0001,0.03555089980363846,80448,321895,2228,,
0.05,1206,267,0.0001,0.01161167025566101,80684,322838,2232,,
0.05,1205,268,0.0001,0.016561830416321754,80984,324038,2236,,
0.05,,,0.0001,1.1675776243209839,81224,325000,,300.0,20.467715888516977
0.05,1200,270,0.0001,0.011124509386718273,81284,325238,2240,,
0.05,1199,272,0.0001,0.025876255705952644,81556,326326,2244,,
0.05,1198,273,0.0001,0.025013556703925133,81788,327253,2248,,
0.05,1197,274,0.0001,0.01853994093835354,82036,328246,2252,,
0.05,1195,275,0.0001,0.5044478178024292,82295,329282,2256,,
0.05,,,0.0001,0.018673107028007507,82474,330000,,300.0,12.120645508170128
0.05,1189,277,0.0001,1.16981041431427,82595,330482,2260,,
0.05,1187,279,0.0001,0.026675697416067123,82854,331518,2264,,
0.05,1186,280,0.0001,0.013784831389784813,83088,332453,2268,,
0.05,1184,281,0.0001,0.04771481454372406,83382,333631,2272,,
0.05,1182,283,0.0001,0.0350193977355957,83665,334764,2276,,
0.05,,,0.0001,0.14692699909210205,83724,335000,,300.0,9.295157971978188
0.05,1179,284,0.0001,1.2630698680877686,83965,335964,2280,,
0.05,1177,286,0.0001,0.00782217737287283,84196,336886,2284,,
0.05,1176,286,0.0001,0.017078587785363197,84397,337691,2288,,
0.05,1175,288,0.0001,0.02623940259218216,84697,338891,2292,,
0.05,1175,289,0.0001,0.023876819759607315,84901,339706,2296,,
0.05,,,0.0001,0.5131121873855591,84974,340000,,300.0,16.11835093051195
0.05,1172,290,0.0001,0.37107163667678833,85201,340906,2300,,
0.05,1170,292,0.0001,0.017730550840497017,85501,342106,2304,,
0.05,1168,293,0.0001,0.2961370348930359,85801,343306,2308,,
0.05,1167,294,0.0001,0.01822834648191929,86101,344506,2312,,
0.05,,,0.0001,0.014602879993617535,86224,345000,,300.0,10.753621727228165
0.05,1165,296,0.0001,0.043151356279850006,86401,345706,2316,,
0.05,1165,297,0.0001,0.030498921871185303,86701,346906,2320,,
0.05,1164,298,0.0001,0.007085544988512993,87001,348106,2324,,
0.05,1163,300,0.0001,0.017309198155999184,87301,349306,2328,,
0.05,,,0.0001,0.033688984811306,87474,350000,,300.0,28.087352540344
0.05,1159,302,0.0001,0.010621449910104275,87601,350506,2332,,
0.05,1156,303,0.0001,0.024838345125317574,87872,351591,2336,,
0.05,1154,305,0.0001,2.1024010181427,88112,352549,2340,,
0.05,1150,307,0.0001,0.015836164355278015,88412,353749,2344,,
0.05,1148,308,0.0001,0.02870073914527893,88695,354881,2348,,
0.05,,,0.0001,0.12318092584609985,88724,355000,,300.0,-6.598892028070987
0.05,1142,311,0.0001,0.038552165031433105,88976,356008,2352,,
0.05,1138,313,0.0001,0.022708244621753693,89276,357208,2356,,
0.05,1137,314,0.0001,0.032798223197460175,89449,357900,2360,,
0.05,1135,316,0.0001,0.012270539067685604,89749,359100,2364,,
0.05,,,0.0001,0.01682780496776104,89974,360000,,300.0,6.987407398968935
0.05,1131,318,0.0001,0.07704740017652512,90012,360151,2368,,
0.05,1127,320,0.0001,0.017853422090411186,90293,361273,2372,,
0.05,1124,322,0.0001,0.03999517858028412,90593,362473,2376,,
0.05,1123,323,0.0001,0.012616535648703575,90848,363496,2380,,
0.05,1122,324,0.0001,0.02297385409474373,91106,364527,2384,,
0.05,,,0.0001,0.028896791860461235,91224,365000,,300.0,16.548872127896175
0.05,1119,326,0.0001,0.018199080601334572,91356,365526,2388,,
0.05,1117,328,0.0001,0.024020113050937653,91656,366726,2392,,
0.05,1116,329,0.0001,0.012556995265185833,91956,367926,2396,,
0.05,1116,330,0.0001,0.015351315028965473,92197,368892,2400,,
0.05,1115,331,0.0001,0.014825554564595222,92446,369888,2404,,
0.05,,,0.0001,0.010793078690767288,92474,370000,,300.0,14.584302694629878
0.05,1111,334,0.0001,0.01006617583334446,92746,371088,2408,,
0.05,1109,335,0.0001,0.010762006044387817,93046,372288,2412,,
0.05,1108,336,0.0001,0.01389858778566122,93346,373488,2416,,
0.05,1107,338,0.0001,0.008551931008696556,93646,374688,2420,,
0.05,,,0.0001,1.5072258710861206,93724,375000,,300.0,7.111702267080545
0.05,1104,340,0.0001,0.00884094275534153,93946,375888,2424,,
0.05,1102,341,0.0001,0.31220299005508423,94246,377088,2428,,
0.05,1102,342,0.0001,0.010664436966180801,94482,378029,2432,,
0.05,1102,343,0.0001,0.016550149768590927,94709,378938,2436,,
0.05,,,0.0001,0.012206374667584896,94974,380000,,300.0,23.806900846511418
0.05,1100,345,0.0001,0.01586253009736538,95009,380138,2440,,
0.05,1100,346,0.0001,0.028021514415740967,95309,381338,2444,,
0.05,1099,347,0.0001,0.024464482441544533,95569,382380,2448,,
0.05,1099,348,0.0001,0.02141900546848774,95869,383580,2452,,
0.05,1099,349,0.0001,0.02353687956929207,96169,384780,2456,,
0.05,,,0.0001,0.01421850360929966,96224,385000,,300.0,23.41582853347063
0.05,1098,351,0.0001,0.018118156120181084,96389,385660,2460,,
0.05,1098,352,0.0001,0.0430968701839447,96689,386860,2464,,
0.05,1097,353,0.0001,0.016996700316667557,96989,388060,2468,,
0.05,1097,354,0.0001,0.020680096000432968,97184,388838,2472,,
0.05,1097,355,0.0001,0.03186330571770668,97427,389812,2476,,
0.05,,,0.0001,0.043282005935907364,97474,390000,,300.0,18.698849138617515
0.05,1096,356,0.0001,0.02759874425828457,97727,391012,2480,,
0.05,1096,357,0.0001,0.07061664015054703,98027,392212,2484,,
0.05,1095,358,0.0001,0.013981305062770844,98270,393184,2488,,
0.05,1095,359,0.0001,0.019977614283561707,98459,393939,2492,,
0.05,,,0.0001,0.034601595252752304,98724,395000,,300.0,0.4063226044178009
0.05,1094,361,0.0001,0.026981664821505547,98759,395139,2496,,
0.05,1094,361,0.0001,0.03375471010804176,98994,396077,2500,,
0.05,1094,363,0.0001,0.011893062852323055,99294,397277,2504,,
0.05,1094,364,0.0001,2.2772295475006104,99551,398307,2508,,
0.05,1094,365,0.0001,0.011027134023606777,99851,399507,2512,,
0.05,,,0.0001,0.02688847854733467,99974,400000,,300.0,21.729376138746737
0.05,1092,366,0.0001,0.03021879866719246,100122,400589,2516,,
0.05,1092,367,0.0001,0.018951503559947014,100363,401556,2520,,
0.05,1092,368,0.0001,0.015354190953075886,100663,402756,2524,,
0.05,1092,369,0.0001,0.017516326159238815,100909,403738,2528,,
0.05,1092,370,0.0001,0.015012827701866627,101209,404938,2532,,
0.05,,,0.0001,0.02183380350470543,101224,405000,,300.0,2.9335281237959863
0.05,1091,371,0.0001,0.022727342322468758,101444,405879,2536,,
0.05,1090,373,0.0001,2.5511045455932617,101734,407040,2540,,
0.05,1090,373,0.0001,1.6719127893447876,101928,407813,2544,,
0.05,1090,374,0.0001,0.01835297979414463,102182,408831,2548,,
0.05,1090,375,0.0001,0.017983725294470787,102402,409710,2552,,
0.05,,,0.0001,0.017082005739212036,102474,410000,,300.0,23.76864899992943
0.05,1088,377,0.0001,0.024954747408628464,102644,410677,2556,,
0.05,1088,378,0.0001,0.49618402123451233,102944,411877,2560,,
0.05,1088,379,0.0001,0.019348856061697006,103244,413077,2564,,
0.05,1088,380,0.0001,0.012186145409941673,103474,414000,2568,,
0.05,,,0.0001,0.015772176906466484,103724,415000,,300.0,19.450852281041442
0.05,1087,381,0.0001,0.04019089788198471,103732,415029,2572,,
0.05,1087,382,0.0001,0.020174292847514153,104032,416229,2576,,
0.05,1087,383,0.0001,0.053970322012901306,104262,417151,2580,,
0.05,1087,384,0.0001,1.547532081604004,104562,418351,2584,,
0.05,1087,385,0.0001,0.10102265328168869,104795,419281,2588,,
0.05,,,0.0001,0.01748010516166687,104974,420000,,300.0,4.268593633174897
0.05,1086,386,0.0001,0.04173178970813751,104996,420088,2592,,
0.05,1086,387,0.0001,0.017354127019643784,105216,420968,2596,,
0.05,1086,388,0.0001,0.022574976086616516,105473,421994,2600,,
0.05,1085,389,0.0001,0.016368135809898376,105773,423194,2604,,
0.05,1085,390,0.0001,0.013372153975069523,106073,424394,2608,,
0.05,,,0.0001,0.02534852921962738,106224,425000,,300.0,17.692701625521295
0.05,1084,392,0.0001,0.027005635201931,106373,425594,2612,,
0.05,1084,393,0.0001,0.28726381063461304,106607,426529,2616,,
0.05,1084,394,0.0001,0.011477898806333542,106843,427474,2620,,
0.05,1084,395,0.0001,0.018417276442050934,107143,428674,2624,,
0.05,1085,396,0.0001,0.016383282840251923,107412,429752,2628,,
0.05,,,0.0001,0.08568436652421951,107474,430000,,300.0,26.030087737739088
0.05,1084,397,0.0001,0.019597236067056656,107665,430761,2632,,
0.05,1084,398,0.0001,0.012907921336591244,107965,431961,2636,,
0.05,1084,399,0.0001,0.013893445022404194,108265,433161,2640,,
0.05,1084,400,0.0001,0.023745562881231308,108565,434361,2644,,
0.05,,,0.0001,0.010534433647990227,108724,435000,,300.0,17.564852787274866
0.05,1083,401,0.0001,1.2107869386672974,108810,435341,2648,,
0.05,1083,402,0.0001,0.011814581230282784,109099,436500,2652,,
0.05,1083,403,0.0001,0.014332734048366547,109257,437131,2656,,
0.05,1084,404,0.0001,0.01694788783788681,109509,438137,2660,,
0.05,1083,405,0.0001,0.015012437477707863,109809,439337,2664,,
0.05,,,0.0001,0.02525676228106022,109974,440000,,300.0,15.530554342269898
0.05,1082,406,0.0001,0.023420536890625954,110109,440537,2668,,
0.05,1082,407,0.0001,0.013589723035693169,110409,441737,2672,,
0.05,1083,408,0.0001,0.029959527775645256,110641,442668,2676,,
0.05,1083,409,0.0001,0.03276096284389496,110941,443868,2680,,
0.05,,,0.0001,0.009033959358930588,111224,445000,,300.0,24.935974974930286
0.05,1082,411,0.0001,0.010368352755904198,111241,445068,2684,,
0.05,1082,412,0.0001,0.036589618772268295,111541,446268,2688,,
0.05,1083,413,0.0001,0.03619145601987839,111841,447468,2692,,
0.05,1083,414,0.0001,0.012632215395569801,112141,448668,2696,,
0.05,1082,415,0.0001,0.007280094549059868,112441,449868,2700,,
0.05,,,0.0001,0.015718847513198853,112474,450000,,300.0,34.65932085365057
0.05,1081,416,0.0001,0.026262128725647926,112704,450918,2704,,
0.05,1081,417,0.0001,0.009612822905182838,112965,451961,2708,,
0.05,1081,419,0.0001,0.01455717533826828,113265,453161,2712,,
0.05,1081,420,0.0001,0.037360597401857376,113527,454209,2716,,
0.05,,,0.0001,0.01161954365670681,113724,455000,,300.0,15.60490042977035
0.05,1079,421,0.0001,0.01637013629078865,113801,455308,2720,,
0.05,1079,423,0.0001,0.02023439109325409,114101,456508,2724,,
0.05,1079,423,0.0001,0.024651702493429184,114348,457495,2728,,
0.05,1079,424,0.0001,0.029828287661075592,114648,458695,2732,,
0.05,1079,426,0.0001,0.006006320007145405,114948,459893,2736,,
0.05,,,0.0001,0.015248000621795654,114974,460000,,300.0,30.903838131576777
0.05,1078,427,0.0001,0.029311401769518852,115186,460845,2740,,
0.05,1078,428,0.0001,0.01451917178928852,115432,461830,2744,,
0.05,1078,429,0.0001,0.019427241757512093,115732,463030,2748,,
0.05,1078,430,0.0001,0.018527017906308174,115984,464039,2752,,
0.05,1078,430,0.0001,0.02213357761502266,116147,464690,2756,,
0.05,,,0.0001,0.013610001653432846,116224,465000,,300.0,21.438639165321366
0.05,1077,431,0.0001,0.015703696757555008,116305,465324,2760,,
0.05,1078,432,0.0001,0.01786801777780056,116605,466524,2764,,
0.05,1078,433,0.0001,0.02101704850792885,116905,467724,2768,,
0.05,1078,434,0.0001,0.009979989379644394,117205,468924,2772,,
0.05,,,0.0001,0.00919747818261385,117474,470000,,300.0,14.224656772613525
0.05,1076,436,0.0001,0.022479930892586708,117505,470124,2776,,
0.05,1075,437,0.0001,0.014299437403678894,117745,471084,2780,,
0.05,1076,438,0.0001,0.008417858742177486,117973,471993,2784,,
0.05,1076,439,0.0001,0.009370412677526474,118273,473193,2788,,
0.05,1076,440,0.0001,0.005206544417887926,118542,474270,2792,,
0.05,,,0.0001,0.025059539824724197,118724,475000,,300.0,2.1703207079321145
0.05,1075,442,0.0001,0.027930542826652527,118842,475470,2796,,
0.05,1075,442,0.0001,0.03254402428865433,119090,476463,2800,,
0.05,1075,443,0.0001,0.021228674799203873,119292,477269,2804,,
0.05,1076,444,0.0001,0.008005202747881413,119471,477987,2808,,
0.05,1076,444,0.0001,0.019768889993429184,119710,478944,2812,,
0.05,1076,445,0.0001,0.02613157592713833,119961,479946,2816,,
0.05,,,0.0001,0.16759134829044342,119974,480000,,300.0,14.250468617677688
0.05,1075,447,0.0001,0.014040517620742321,120255,481124,2820,,
0.05,1075,448,0.0001,0.03493715450167656,120470,481981,2824,,
0.05,1075,448,0.0001,0.016562648117542267,120686,482846,2828,,
0.05,1075,449,0.0001,0.015380209311842918,120856,483526,2832,,
0.05,1075,450,0.0001,0.021118737757205963,121113,484555,2836,,
0.05,,,0.0001,0.018412932753562927,121224,485000,,300.0,28.28811512514949
0.05,1075,451,0.0001,0.012404648587107658,121383,485635,2840,,
0.05,1075,452,0.0001,0.014658610336482525,121604,486519,2844,,
0.05,1075,453,0.0001,0.008827491663396358,121824,487397,2848,,
0.05,1075,454,0.0001,0.015982314944267273,122059,488340,2852,,
0.05,1075,455,0.0001,0.022624222561717033,122328,489415,2856,,
0.05,,,0.0001,0.020542096346616745,122474,490000,,300.0,1.2223831132054328
0.05,1074,456,0.0001,0.34015730023384094,122552,490311,2860,,
0.05,1074,457,0.0001,0.021753331646323204,122752,491112,2864,,
0.05,1073,457,0.0001,0.014569303020834923,122916,491765,2868,,
0.05,1073,458,0.0001,0.010628905147314072,123101,492508,2872,,
0.05,1073,459,0.0001,0.008044400252401829,123307,493332,2876,,
0.05,1074,460,0.0001,0.011246835812926292,123503,494114,2880,,
0.05,,,0.0001,0.012062578462064266,123724,495000,,300.0,22.122945957630872
0.05,1072,461,0.0001,0.04716307297348976,123797,495292,2884,,
0.05,1073,462,0.0001,0.040791407227516174,123957,495930,2888,,
0.05,1073,463,0.0001,0.01637047901749611,124210,496944,2892,,
0.05,1072,464,0.0001,0.014207656495273113,124451,497907,2896,,
0.05,1071,465,0.0001,0.19905276596546173,124671,498785,2900,,
0.05,1070,466,0.0001,0.01081165298819542,124869,499580,2904,,
0.05,,,0.0001,0.020121678709983826,124974,500000,,300.0,19.303179460763932
