time/total_timesteps,time/iterations,time/time_elapsed,time/fps,train/n_updates,train/value_loss,train/clip_range,train/loss,train/clip_fraction,train/learning_rate,train/explained_variance,train/entropy_loss,train/policy_gradient_loss,train/approx_kl,eval/mean_ep_length,eval/mean_reward
2048,1,0,2379,,,,,,,,,,,,
4096,2,2,1583,10,9.10252944380045,0.2,4.211929798126221,0.332421875,0.0003,0.011457979679107666,-1.593899930641055,-0.035796879974077454,0.015947634,,
5000,,,,20,18.371458745002748,0.2,11.237520217895508,0.258642578125,0.0003,-0.05677366256713867,-1.5576900798827409,-0.02994145057455171,0.016721942,300.0,6.372446181252599
6144,3,4,1268,,,,,,,,,,,,
8192,4,6,1250,30,11.743713822960853,0.2,4.732986927032471,0.202001953125,0.0003,0.00018280744552612305,-1.4907737154513598,-0.020764141983818263,0.017423287,,
10000,,,,40,9.221799740940332,0.2,3.266434669494629,0.14814453125,0.0003,0.6427192091941833,-1.5041263207793236,-0.017322980158496648,0.023654763,300.0,33.65351464897394
10240,5,8,1183,,,,,,,,,,,,
12288,1,0,2473,50,7.845370081067085,0.2,2.134150981903076,0.2181640625,0.0003,0.7414579391479492,-1.5051953438669443,-0.01842209603491938,0.020245302,,
14336,2,2,1657,60,15.04290892779827,0.2,7.574015140533447,0.1091796875,0.0003,0.6848861575126648,-1.490661046653986,-0.012242233555298299,0.011866331,,
15000,,,,70,17.432252156734467,0.2,10.44865608215332,0.156005859375,0.0003,0.42841869592666626,-1.4871429126709699,-0.013038763551594456,0.014267363,300.0,21.990884782373904
16384,3,4,1330,,,,,,,,,,,,
18432,4,6,1301,80,20.717500530183315,0.2,6.102286338806152,0.15185546875,0.0003,0.5394315719604492,-1.4101877249777317,-0.0084874043794116,0.009713864,,
20000,,,,90,16.493127676844598,0.2,7.849080562591553,0.1421875,0.0003,0.6557493209838867,-1.4046842247247695,-0.021270419443317222,0.013323514,300.0,20.545453402400017
20480,5,8,1218,,,,,,,,,,,,
22528,1,0,2508,100,18.04333120584488,0.2,7.783775806427002,0.162744140625,0.0003,0.714595377445221,-1.3235705096274615,-0.014007316235802137,0.017716216,,
24576,2,2,1661,110,14.374263609945775,0.2,5.148327350616455,0.17177734375,0.0003,0.8261728882789612,-1.2814267508685588,-0.014304087034543046,0.014336785,,
25000,,,,120,7.522778456658125,0.2,1.731533408164978,0.1947265625,0.0003,0.8572283387184143,-1.1190623054280877,-0.014502713248657529,0.017580055,191.2,40.04857113212347
26624,3,4,1400,,,,,,,,,,,,
28672,4,6,1343,130,5.47216125652194,0.2,2.1977908611297607,0.193310546875,0.0003,0.8922827839851379,-1.0734254306182265,-0.0130667285353411,0.019632438,,
30000,,,,140,4.3968229874968525,0.2,1.9398159980773926,0.223095703125,0.0003,0.9205265045166016,-1.0264297563582658,-0.013411109099979512,0.019273903,89.8,56.72231885492802
30720,5,7,1300,,,,,,,,,,,,
32768,1,0,2507,150,3.7139287505298855,0.2,2.193324089050293,0.171826171875,0.0003,0.9345589280128479,-0.8859587134793401,-0.011504880301072263,0.01537239,,
34816,2,2,1620,160,4.011572990193963,0.2,1.8321053981781006,0.179296875,0.0003,0.9484875202178955,-0.825574791431427,-0.01199634966760641,0.019932568,,
35000,,,,170,5.388742879033089,0.2,2.412794351577759,0.16787109375,0.0003,0.9305548071861267,-0.8690034041181207,-0.014193294731376227,0.013305234,25.0,49.246701639890674
36864,3,4,1447,,,,,,,,,,,,
38912,4,5,1391,180,3.0012362509965897,0.2,0.9360722303390503,0.137158203125,0.0003,0.9540871977806091,-0.8237717250362039,-0.009254278062144294,0.012914075,,
40000,,,,190,2.608312374725938,0.2,1.5042380094528198,0.1318359375,0.0003,0.9647096991539001,-0.7241899020969867,-0.006306979946384672,0.012965722,25.4,47.838901937007904
40960,5,7,1336,,,,,,,,,,,,
43008,1,0,2453,200,3.0838843379169703,0.2,1.301428198814392,0.11494140625,0.0003,0.9590789675712585,-0.7221173591911793,-0.00866376115300227,0.015356935,,
45000,,,,210,2.200798361003399,0.2,1.118712306022644,0.1544921875,0.0003,0.9743587374687195,-0.6196119586005807,-0.003928888430527877,0.019228889,24.4,46.38206394016743
45056,2,2,1622,,,,,,,,,,,,
47104,3,4,1401,220,2.553887825831771,0.2,0.8647764325141907,0.113330078125,0.0003,0.9730139374732971,-0.5704424938187003,-0.0019344180283951574,0.016910255,,
49152,4,6,1353,230,2.51177329197526,0.2,1.0628042221069336,0.0892578125,0.0003,0.9741611480712891,-0.5513290438801051,-0.005296972858195659,0.009510821,,
50000,,,,240,2.3671838767826556,0.2,1.12221360206604,0.147412109375,0.0003,0.9753876328468323,-0.5568340574391186,-0.0067685319008887745,0.021356696,132.4,36.87466787844896
51200,5,8,1279,,,,,,,,,,,,
53248,1,0,2454,250,2.233390022814274,0.2,0.7868711948394775,0.101123046875,0.0003,0.9806527495384216,-0.49514081655070186,-0.0006852875361801125,0.021916434,,
55000,,,,260,1.5390730751678348,0.2,0.8693656921386719,0.137646484375,0.0003,0.985601007938385,-0.4587525584734976,0.004468167430604808,0.013690731,33.8,61.22042177319527
55296,2,2,1605,,,,,,,,,,,,
57344,3,4,1446,270,2.007425837777555,0.2,0.5539130568504333,0.1189453125,0.0003,0.9784708023071289,-0.4549634099006653,-0.004758065815258306,0.01244027,,
59392,4,5,1391,280,1.8725060312077404,0.2,0.8355991840362549,0.137890625,0.0003,0.9810514450073242,-0.4612712281756103,-0.0021314785568392835,0.023598583,,
60000,,,,290,1.7030521376058458,0.2,0.7728629112243652,0.126220703125,0.0003,0.9811077117919922,-0.4224273833446205,-0.001043868562555872,0.012812793,25.6,51.62322934269905
61440,5,7,1336,,,,,,,,,,,,
63488,1,0,2264,300,1.483865625038743,0.2,0.8445703983306885,0.084326171875,0.0003,0.9846513271331787,-0.3791772190015763,0.0037433958452311343,0.014722479,,
65000,,,,310,1.4718516904860734,0.2,0.6721066236495972,0.104736328125,0.0003,0.9843752384185791,-0.3713523507583886,0.004471371827821713,0.023205012,31.8,58.377610594034195
65536,2,2,1581,,,,,,,,,,,,
67584,3,4,1450,320,4.044314657151699,0.2,0.5803291201591492,0.160546875,0.0003,0.9510666131973267,-0.4936876459978521,-0.008797899231285555,0.018781528,,
69632,4,5,1379,330,1.2596647262573242,0.2,0.7673617601394653,0.104736328125,0.0003,0.9854403138160706,-0.3622702578548342,0.001394405437167734,0.012339728,,
70000,,,,340,1.2826417427510024,0.2,0.8858855366706848,0.1060546875,0.0003,0.9849526286125183,-0.3446959795895964,0.0019874239718774334,0.012011488,77.8,47.03967941701412
71680,5,7,1323,,,,,,,,,,,,
73728,1,0,2503,350,1.2362654665485024,0.2,0.6309418678283691,0.100146484375,0.0003,0.9868615865707397,-0.3337371310219169,-0.001972483740246389,0.012741318,,
75000,,,,360,1.2593779034912587,0.2,0.43587520718574524,0.06513671875,0.0003,0.9878555536270142,-0.3198060774244368,-0.000724421338236425,0.0153378965,20.8,44.6558338701725
75776,2,2,1581,,,,,,,,,,,,
77824,3,4,1457,370,0.9652183603495359,0.2,0.4109959006309509,0.084033203125,0.0003,0.9895340800285339,-0.29031780096702275,-0.0015183662966592238,0.026680749,,
79872,4,5,1405,380,0.9873729418963194,0.2,0.45363667607307434,0.101123046875,0.0003,0.9877918362617493,-0.2910006513353437,0.0017283463945204857,0.017018788,,
80000,,,,390,1.2174559572711587,0.2,0.46007561683654785,0.08837890625,0.0003,0.9879580140113831,-0.28484257590025663,0.0004063328902702779,0.011655623,38.0,63.170544660836455
81920,5,7,1335,,,,,,,,,,,,
83968,1,0,2334,400,0.8882379977032542,0.2,0.26924771070480347,0.08720703125,0.0003,0.9913478493690491,-0.2811715963296592,0.0032308425463270394,0.00775023,,
85000,,,,410,0.761713113822043,0.2,0.2991388142108917,0.11044921875,0.0003,0.9926419258117676,-0.2725386466830969,0.006128124806127744,0.020241953,38.8,62.98885465860367
86016,2,2,1526,,,,,,,,,,,,
88064,3,4,1357,420,0.9686815132386982,0.2,0.36496779322624207,0.0818359375,0.0003,0.9913153052330017,-0.29559896630235016,0.00040900563762988893,0.017544027,,
90000,,,,430,0.7644310796633362,0.2,0.4786042273044586,0.0900390625,0.0003,0.9926962852478027,-0.288458701595664,0.0011757620915886946,0.009199574,28.4,52.55090565085411
90112,4,6,1287,,,,,,,,,,,,
92160,5,8,1258,440,0.681513702403754,0.2,0.33547237515449524,0.0908203125,0.0003,0.9940364956855774,-0.28427772466093304,0.007168087402533274,0.0066543855,,
94208,1,0,2446,450,0.8021134484559298,0.2,0.29918763041496277,0.056298828125,0.0003,0.9929112792015076,-0.2852594275493175,-0.002187539573060349,0.008187531,,
95000,,,,460,0.6648607057519257,0.2,0.2464047372341156,0.1048828125,0.0003,0.9945480227470398,-0.27139793587848543,0.0055542357382364575,0.022635628,19.0,44.07392472624779
96256,2,2,1545,,,,,,,,,,,,
98304,3,4,1349,470,0.5682705315295606,0.2,0.25853967666625977,0.093212890625,0.0003,0.9940307140350342,-0.2771861098241061,0.00039506857574451716,0.036003962,,
100000,,,,480,0.49576819050125776,0.2,0.2683353126049042,0.11201171875,0.0003,0.9961671829223633,-0.28146571908146145,-0.0010093866258102935,0.033658624,34.6,58.247650277614596
100352,4,6,1280,,,,,,,,,,,,
102400,5,8,1254,490,0.47293608440086243,0.2,0.19665898382663727,0.18291015625,0.0003,0.9956204295158386,-0.31307157073169944,0.02062356669921428,0.08993175,,
104448,1,0,2202,500,0.5320167503785342,0.2,0.18618251383304596,0.085986328125,0.0003,0.9959688782691956,-0.30014116764068605,-0.005054943542927503,0.011392058,,
105000,,,,510,0.4829247466288507,0.2,0.2039354294538498,0.13271484375,0.0003,0.9964344501495361,-0.2989552430808544,0.0038070052352850324,0.052218236,41.6,70.47964817881584
106496,2,2,1477,,,,,,,,,,,,
108544,3,4,1366,520,0.48626818782649933,0.2,0.17696285247802734,0.143701171875,0.0003,0.9959383606910706,-0.3165231913328171,0.014379268752236385,0.028290808,,
110000,,,,530,0.4611807231791317,0.2,0.16179154813289642,0.090576171875,0.0003,0.996854841709137,-0.2793651211541146,0.006708352333225776,0.037195515,37.4,61.860755974054335
110592,4,6,1273,,,,,,,,,,,,
112640,5,8,1236,540,0.5210729623679071,0.2,0.9710446000099182,0.131787109375,0.0003,0.996859073638916,-0.2908434399869293,-0.0007968849895405583,0.022007748,,
114688,1,0,2415,550,0.44829368982464074,0.2,0.23404952883720398,0.175927734375,0.0003,0.9931336641311646,-0.3132638053037226,0.03169930936710443,0.0230865,,
115000,,,,560,0.4541828977875412,0.2,0.14595606923103333,0.075,0.0003,0.9954336881637573,-0.2692088803742081,-0.0002594731653516646,0.012740454,38.6,67.29702562093735
116736,2,2,1467,,,,,,,,,,,,
118784,3,4,1335,570,0.5461755453143269,0.2,0.28054511547088623,0.09111328125,0.0003,0.9975255727767944,-0.29394561764784155,-0.0018469246424501762,0.009869976,,
120000,,,,580,0.4901767622679472,0.2,0.14595194160938263,0.071337890625,0.0003,0.9943971037864685,-0.2972282318864018,0.002877831841760781,0.044947043,33.4,56.478012850880624
120832,4,6,1237,,,,,,,,,,,,
122880,5,8,1211,590,0.5238706720992923,0.2,0.25996363162994385,0.2236328125,0.0003,0.9959667921066284,-0.3137427562847733,0.03920690348895732,0.056457594,,
124928,1,0,2455,600,0.4516904642805457,0.2,0.16856661438941956,0.133935546875,0.0003,0.9968643188476562,-0.3213402783498168,0.0009312030990258791,0.016225902,,
125000,,,,610,0.3944436013698578,0.2,0.4130230247974396,0.190673828125,0.0003,0.9969200491905212,-0.3522438257932663,0.05422676063462859,0.107587285,91.2,58.36687485873699
126976,2,2,1437,,,,,,,,,,,,
129024,3,4,1336,620,14.419859665259718,0.2,9.215396881103516,0.137109375,0.0003,0.8741084933280945,-0.35388657203875484,0.006657305987755535,0.123686776,,
130000,,,,630,2.8824451856315134,0.2,1.11539626121521,0.131201171875,0.0003,0.9776703119277954,-0.38705492075532677,0.011871347959095146,0.036994595,30.6,54.463216722011566
131072,4,6,1276,,,,,,,,,,,,
133120,5,8,1215,640,3.7609321881085633,0.2,1.810139536857605,0.147021484375,0.0003,0.9698722958564758,-0.4019390308298171,0.01000355726282578,0.11475604,,
135000,,,,650,0.5880126315169036,0.2,0.17945444583892822,0.180029296875,0.0003,0.9918253421783447,-0.3842291094362736,0.023859540806006406,0.032115288,34.2,60.131351590156555
135168,1,0,2262,,,,,,,,,,,,
137216,2,2,1468,660,0.8016852108761668,0.2,0.23408196866512299,0.14228515625,0.0003,0.9921313524246216,-0.3628683564253151,0.01187262631719932,0.084960476,,
139264,3,4,1334,670,0.5500004889909178,0.2,0.15384429693222046,0.1134765625,0.0003,0.995849609375,-0.32071184045635165,0.007752375129348366,0.038998015,,
140000,,,,680,0.5433533732313662,0.2,0.2911680042743683,0.10703125,0.0003,0.9959881901741028,-0.36048541516065596,0.0024455942068016155,0.03018256,30.0,54.10392042994499
141312,4,6,1264,,,,,,,,,,,,
143360,5,8,1211,690,0.44962680898606777,0.2,0.24626624584197998,0.151025390625,0.0003,0.9956611394882202,-0.39123738994821905,0.004675570773542859,0.026842523,,
145000,,,,700,0.5863922410644591,0.2,0.18349243700504303,0.1169921875,0.0003,0.9954714775085449,-0.33191506578586993,0.002631337210186757,0.07371414,41.6,73.29065278321505
145408,1,0,2177,,,,,,,,,,,,
147456,2,2,1501,710,0.5138339642435312,0.2,0.18175531923770905,0.164794921875,0.0003,0.9965653419494629,-0.3640278071165085,0.004560703187598847,0.03032668,,
149504,3,4,1307,720,0.5966783051379025,0.2,0.2160763442516327,0.16083984375,0.0003,0.9952107667922974,-0.3199321646708995,0.017518073722021653,0.09995097,,
150000,,,,730,0.5466357612051069,0.2,0.13767263293266296,0.14814453125,0.0003,0.9965271949768066,-0.3496970755979419,0.0121997757916688,0.034951046,29.8,52.11767307519913
151552,4,6,1218,,,,,,,,,,,,
153600,5,8,1180,740,0.5980154819320888,0.2,0.2624359428882599,0.151123046875,0.0003,0.9969679713249207,-0.321985371876508,0.02241097350124619,0.03534022,,
155000,,,,750,0.544931337563321,0.2,0.24092765152454376,0.17822265625,0.0003,0.9960386157035828,-0.3258145530242473,0.012875880900537595,0.061282486,38.2,62.48983633480966
155648,1,0,2236,,,,,,,,,,,,
157696,2,2,1507,760,0.5019220538437367,0.2,0.20548877120018005,0.135400390625,0.0003,0.9967896938323975,-0.3291656823363155,0.0058689011057140306,0.019943865,,
159744,3,4,1334,770,0.7023625235073269,0.2,0.3269422650337219,0.138671875,0.0003,0.9950622916221619,-0.33482182240113617,0.0013201212394051253,0.019767785,,
160000,,,,780,0.6730805352330208,0.2,0.23065412044525146,0.11064453125,0.0003,0.9970940947532654,-0.31469855792820456,0.0038671855996653902,0.029236848,32.6,55.3874370932579
161792,4,6,1229,,,,,,,,,,,,
163840,5,8,1200,790,0.5285165279172361,0.2,0.29715660214424133,0.156640625,0.0003,0.9967677593231201,-0.31908872942440214,0.02470063184882747,0.20273496,,
165000,,,,800,12.731341276317835,0.2,6.355454444885254,0.16142578125,0.0003,0.8973395824432373,-0.49468712182715535,-0.007970710880181286,0.06651722,83.6,45.87118133753538
165888,1,1,2004,,,,,,,,,,,,
167936,2,2,1428,810,9.438793593645096,0.2,3.752927303314209,0.14853515625,0.0003,0.9389986991882324,-0.544318635109812,0.02143296286521945,0.054347843,,
169984,3,4,1282,820,5.298200644738972,0.2,2.1476683616638184,0.162109375,0.0003,0.9532537460327148,-0.5135362558066845,0.009762351102835964,0.0262746,,
170000,,,,830,2.6993101091124116,0.2,0.9274073839187622,0.1796875,0.0003,0.9729359745979309,-0.34752166625112296,0.015933859421056695,0.22737655,28.2,51.73395527005196
172032,4,6,1227,,,,,,,,,,,,
174080,5,8,1201,840,0.7326703023165464,0.2,0.2679506242275238,0.1732421875,0.0003,0.9837000966072083,-0.33121232385747135,0.002657508766242245,0.056435607,,
175000,,,,850,0.700767428195104,0.2,0.19014741480350494,0.16806640625,0.0003,0.9933139681816101,-0.33508493648841975,0.00863490447809454,0.14647394,138.4,52.42543371915817
176128,1,1,1893,,,,,,,,,,,,
178176,2,2,1399,860,0.5436457751318813,0.2,0.32730746269226074,0.261328125,0.0003,0.9961853623390198,-0.3894366094842553,0.022436407291388606,0.07081188,,
180000,,,,870,0.5804539553355426,0.2,0.2786710858345032,0.180126953125,0.0003,0.9941022992134094,-0.3420001833233982,0.016847529700316954,0.07252677,81.4,46.17570959329605
180224,3,5,1224,,,,,,,,,,,,
182272,4,6,1171,880,0.5913625213783235,0.2,0.4105836749076843,0.171630859375,0.0003,0.9968105554580688,-0.3683600637130439,0.005436474981252104,0.059337948,,
184320,5,8,1154,890,3.1172417626716196,0.2,2.08443021774292,0.1658203125,0.0003,0.9629979729652405,-0.47617829916998744,-0.008308002031844808,0.024615929,,
185000,,,,900,3.474138789623976,0.2,1.708471417427063,0.17734375,0.0003,0.9700793027877808,-0.515717463195324,0.0228251694185019,0.06029255,242.8,37.762610477209094
186368,1,1,1672,,,,,,,,,,,,
188416,2,3,1314,910,4.351950309425592,0.2,1.6745201349258423,0.229931640625,0.0003,0.9692160487174988,-0.6081272723153234,0.0002572828278061934,0.03573557,,
190000,,,,920,1.7069914415478706,0.2,0.9908527731895447,0.239306640625,0.0003,0.9850127696990967,-0.49116825507953765,0.018124541935685558,0.040288076,136.6,49.9052216053009
190464,3,5,1155,,,,,,,,,,,,
192512,4,7,1136,930,0.5831707535777241,0.2,0.34334796667099,0.15869140625,0.0003,0.9943287372589111,-0.4465076407417655,0.005097367448615842,0.025231102,,
194560,5,9,1122,940,7.841401889547706,0.2,4.470538139343262,0.118994140625,0.0003,0.9398238658905029,-0.632549247983843,-0.0022727718998794442,0.017224029,,
195000,,,,950,6.050954787433147,0.2,1.7958213090896606,0.139794921875,0.0003,0.943340539932251,-0.6941823605448008,0.0037855253933230413,0.054484002,243.0,39.298037469387054
196608,1,1,1569,,,,,,,,,,,,
198656,2,3,1275,960,2.0284640351310372,0.2,0.8322407603263855,0.2220703125,0.0003,0.97437983751297,-0.5612541515380144,0.014807372240466066,0.0512504,,
200000,,,,970,8.680648593604564,0.2,3.1865344047546387,0.222900390625,0.0003,0.9408485889434814,-0.9055668005719781,-0.00532212148536928,0.019137125,28.4,53.41929193139076
200704,3,5,1143,,,,,,,,,,,,
202752,4,7,1080,980,4.114570489153266,0.2,2.085031747817993,0.169970703125,0.0003,0.965193510055542,-0.6851250086911023,0.007946152595832246,0.029743586,,
204800,5,9,1058,990,10.145523858070373,0.2,6.724814414978027,0.270947265625,0.0003,0.9504939317703247,-0.8628719130530953,0.004703295364743098,0.077279195,,
205000,,,,1000,9.518459018319845,0.2,1.440219759941101,0.197705078125,0.0003,0.948616623878479,-0.7748846892267466,0.008941470892750658,0.032034155,127.8,37.42149523496628
206848,1,1,1846,,,,,,,,,,,,
208896,2,3,1358,1010,8.879418598860502,0.2,4.469517230987549,0.199169921875,0.0003,0.9614603519439697,-0.772657616622746,0.0004282666959625203,0.026255473,,
210000,,,,1020,10.530926816910505,0.2,5.566051959991455,0.214306640625,0.0003,0.944127082824707,-0.7623266605660319,0.0014801128665567376,0.023102771,246.4,36.70253544151783
210944,3,5,1137,,,,,,,,,,,,
212992,4,7,1120,1030,1.5341200163587927,0.2,0.4695090651512146,0.210107421875,0.0003,0.9822544455528259,-0.5671549510210753,0.0042017019244667605,0.035541482,,
215000,,,,1040,3.666359188593924,0.2,0.7578653693199158,0.241796875,0.0003,0.9692832231521606,-0.5358893369324506,-0.003226666638511233,0.020277638,92.6,63.11845791935921
215040,5,9,1079,,,,,,,,,,,,
217088,1,0,2279,1050,1.1488151360303163,0.2,1.5966956615447998,0.19814453125,0.0003,0.9885067343711853,-0.4894301673397422,0.00544993721996434,0.13316604,,
219136,2,2,1425,1060,5.613246116787195,0.2,5.092849254608154,0.17177734375,0.0003,0.9489919543266296,-0.6183618702925742,0.014382553835457657,0.02150289,,
220000,,,,1070,4.8799603544175625,0.2,2.1939139366149902,0.131396484375,0.0003,0.9667437076568604,-0.6298084864392877,0.006135411305876914,0.029972665,129.2,31.223231142479925
221184,3,5,1193,,,,,,,,,,,,
223232,4,7,1113,1080,5.418009698390961,0.2,2.840825319290161,0.149169921875,0.0003,0.9629299640655518,-0.6494624325074255,0.00027782607357949016,0.020876218,,
225000,,,,1090,2.458192660473287,0.2,1.2475725412368774,0.164599609375,0.0003,0.9735401272773743,-0.5527165052480996,0.004921599567023804,0.031358197,38.8,63.57384624965489
225280,5,9,1081,,,,,,,,,,,,
227328,1,0,2299,1100,3.3867633966729045,0.2,1.0893175601959229,0.18388671875,0.0003,0.9732847809791565,-0.5016946356743575,0.01387545637844596,0.043092553,,
229376,2,2,1471,1110,1.1688568444922567,0.2,0.47387033700942993,0.149169921875,0.0003,0.9867053627967834,-0.4727396880276501,0.013355206743290183,0.08789559,,
230000,,,,1120,0.5601526371669024,0.2,0.3284863233566284,0.149072265625,0.0003,0.9942805171012878,-0.43706707758829,0.000409228031639941,0.018155139,25.0,48.461975157260895
231424,3,4,1246,,,,,,,,,,,,
233472,4,6,1190,1130,1.0138009529560805,0.2,0.5187625885009766,0.158740234375,0.0003,0.9907479882240295,-0.4278165734373033,-0.005108664119325113,0.03226299,,
235000,,,,1140,1.9609504595398903,0.2,0.45157963037490845,0.18046875,0.0003,0.9781753420829773,-0.5199440064840019,0.009731208115408663,0.023289738,140.2,40.28517470955849
235520,5,9,1124,,,,,,,,,,,,
237568,1,0,2357,1150,1.5246405776590108,0.2,0.7629569172859192,0.15625,0.0003,0.9897583723068237,-0.4399107933044434,-0.004516128341492731,0.026101928,,
239616,2,2,1484,1160,0.9199272279627622,0.2,0.6872971653938293,0.14775390625,0.0003,0.9935128688812256,-0.4048403871245682,0.019502201733121182,0.050460108,,
240000,,,,1170,1.4398793131113052,0.2,0.48847514390945435,0.2984375,0.0003,0.9859115481376648,-0.6627104024402797,0.05599899277585792,1.4893951,300.0,27.135024056956173
241664,3,5,1170,,,,,,,,,,,,
243712,4,7,1144,1180,13.25004565641284,0.2,8.557988166809082,0.272998046875,0.0003,0.8875296115875244,-0.9920225204899907,0.01636349093460012,0.028073998,,
245000,,,,1190,6.683194488286972,0.2,2.69889760017395,0.1587890625,0.0003,0.9476262331008911,-0.6497177846729756,-0.003488929947343422,0.012308734,91.6,51.31161880791187
245760,5,9,1106,,,,,,,,,,,,
247808,1,0,2281,1200,3.8270904988050463,0.2,1.6501835584640503,0.164697265625,0.0003,0.9660723805427551,-0.4910836418159306,0.00291626924299635,0.06711322,,
249856,2,3,1230,1210,2.9825118713080885,0.2,1.1826531887054443,0.130419921875,0.0003,0.9687958359718323,-0.4659367113374174,0.0007406965261907317,0.02915236,,
250000,,,,1220,0.7846716445870697,0.2,0.2775075435638428,0.20087890625,0.0003,0.9883860945701599,-0.4523151544854045,0.004559457670256961,0.044018958,27.8,51.72478872835636
251904,3,5,1106,,,,,,,,,,,,
253952,4,7,1086,1230,0.7403097899630666,0.2,0.2638550102710724,0.12822265625,0.0003,0.9916401505470276,-0.40661588981747626,0.009823702731227967,0.028077034,,
255000,,,,1240,0.5666693325154484,0.2,0.26700907945632935,0.164453125,0.0003,0.9949967265129089,-0.36106282616965474,0.006374523822159972,0.0414735,29.0,53.00943899154663
256000,5,9,1059,,,,,,,,,,,,
258048,1,1,2005,1250,0.49836785639636216,0.2,0.1487533003091812,0.171875,0.0003,0.991756796836853,-0.3821506917010993,0.010603699994680938,0.085995704,,
260000,,,,1260,1.1835405938327312,0.2,0.6262540817260742,0.2818359375,0.0003,0.9867934584617615,-0.5576721347868443,0.009891826909733937,0.11696787,242.2,29.766471636295318
260096,2,3,1188,,,,,,,,,,,,
262144,3,5,1107,1270,1.3278795836493373,0.2,1.2676057815551758,0.218017578125,0.0003,0.9851941466331482,-0.5450878493487835,0.0390927731859847,0.43432868,,
264192,4,7,1074,1280,1.4797300685197115,0.2,0.7368748188018799,0.254150390625,0.0003,0.9890663623809814,-0.5710366769693792,0.0152352374381735,0.058136493,,
265000,,,,1290,1.1246641223318874,0.2,0.5302388668060303,0.20869140625,0.0003,0.9865955114364624,-0.5162593792192638,0.0017952035399503075,0.05607625,23.2,49.95032288134098
266240,5,9,1060,,,,,,,,,,,,
268288,1,1,1907,1300,0.6795795273967087,0.2,0.27097275853157043,0.157763671875,0.0003,0.9939874410629272,-0.46294209761545063,0.01294795960347983,0.02469118,,
270000,,,,1310,9.22686849758029,0.2,6.871775150299072,0.158447265625,0.0003,0.9322836995124817,-0.6822094269096851,0.00996648807922611,0.025973748,137.0,37.8712607011199
270336,2,3,1192,,,,,,,,,,,,
272384,3,5,1144,1320,9.773530673980712,0.2,2.4825503826141357,0.1990234375,0.0003,0.9557642936706543,-0.7081262049265206,-0.0001311392305069603,0.055883527,,
274432,4,7,1097,1330,8.127221680432559,0.2,2.80938458442688,0.133544921875,0.0003,0.965660810470581,-0.6393899814225733,-0.005243240293930284,0.018693607,,
275000,,,,1340,2.8159660486504436,0.2,1.608459234237671,0.131103515625,0.0003,0.971066951751709,-0.5439595892094076,0.0010883174632908776,0.020362046,83.4,49.961570759117606
276480,5,9,1060,,,,,,,,,,,,
278528,1,1,1980,1350,6.761530946940184,0.2,3.7883992195129395,0.15966796875,0.0003,0.9698623418807983,-0.773949090950191,-0.0014358215834363365,0.01825206,,
280000,,,,1360,6.438071272522211,0.2,4.305500030517578,0.136328125,0.0003,0.9647973775863647,-0.7220274724066258,-0.0007223921915283426,0.029242102,71.8,36.85758000612259
280576,2,3,1152,,,,,,,,,,,,
282624,3,5,1093,1370,5.3438553985208275,0.2,4.615630149841309,0.13486328125,0.0003,0.9725956320762634,-0.7018989382311702,0.008537488838192076,0.050331652,,
284672,4,7,1052,1380,4.208428005501628,0.2,1.5150355100631714,0.153173828125,0.0003,0.9796613454818726,-0.6964908326044679,0.00157824177731527,0.02285694,,
285000,,,,1390,2.0719338534399867,0.2,1.3563858270645142,0.185791015625,0.0003,0.9769014120101929,-0.5639042526483535,0.0027032053767470643,0.028760277,71.2,35.631358897686006
286720,5,9,1036,,,,,,,,,,,,
288768,1,1,1946,1400,5.931643424555659,0.2,5.037232398986816,0.233056640625,0.0003,0.9746145009994507,-0.6776895468123257,0.013316569621383677,0.017058203,,
290000,,,,1410,1.4347322501242161,0.2,0.7344956398010254,0.191259765625,0.0003,0.9867913126945496,-0.49469298776239157,0.010820623497420457,0.03469638,300.0,28.011562383174898
290816,2,3,1121,,,,,,,,,,,,
292864,3,5,1081,1420,6.0428356528282166,0.2,4.5986738204956055,0.213623046875,0.0003,0.9707059264183044,-0.6977552434429526,0.006241716996737523,0.12896101,,
294912,4,7,1050,1430,7.640729735046625,0.2,4.68079137802124,0.175244140625,0.0003,0.9276057481765747,-0.6100465048104524,0.01598506049340358,0.021414813,,
295000,,,,1440,2.031555706076324,0.2,1.00101900100708,0.234375,0.0003,0.9782550930976868,-0.6816844255663455,0.010592317141708918,0.07703174,181.0,22.455244779586792
296960,5,10,1009,,,,,,,,,,,,
299008,1,1,1912,1450,4.888467859476805,0.2,2.9969887733459473,0.166650390625,0.0003,0.9647817611694336,-0.7859736301004887,0.005352367932209745,0.021976609,,
300000,,,,1460,3.132023096829653,0.2,1.4816702604293823,0.1138671875,0.0003,0.9769842028617859,-0.7800075566396117,-0.00026247474161209536,0.054082856,244.2,22.29081340879202
301056,2,3,1154,,,,,,,,,,,,
303104,3,5,1107,1470,5.716011655703187,0.2,2.8805272579193115,0.1494140625,0.0003,0.9597393870353699,-0.7952608505263925,0.0019872552104061468,0.04156196,,
305000,,,,1480,6.604840978235006,0.2,3.89074444770813,0.1486328125,0.0003,0.9567639827728271,-0.8397432506084442,-0.0019543750677257776,0.026395593,193.2,44.57515765093267
305152,4,7,1032,,,,,,,,,,,,
307200,5,10,1008,1490,11.219200018048287,0.2,4.141885280609131,0.186376953125,0.0003,0.9342723488807678,-0.9266598463058472,-0.0003509663511067629,0.015186979,,
309248,1,1,1983,1500,3.905023946613073,0.2,2.5685243606567383,0.213818359375,0.0003,0.9640307426452637,-0.8468119719997048,0.010724345030030235,0.049637973,,
310000,,,,1510,6.7979351490736,0.2,2.7765555381774902,0.18916015625,0.0003,0.9370774030685425,-0.8002163844183088,-0.004407620767597109,0.04353506,246.6,27.62594655752182
311296,2,3,1153,,,,,,,,,,,,
313344,3,5,1072,1520,2.6254269011318683,0.2,0.5365308523178101,0.185400390625,0.0003,0.9612370133399963,-0.717541685141623,-0.00021678589400835334,0.023167193,,
315000,,,,1530,8.339999825507402,0.2,3.0013349056243896,0.166357421875,0.0003,0.8986623883247375,-0.8775295274332165,0.002630243860767223,0.028662294,186.0,32.425346532464026
315392,4,8,1017,,,,,,,,,,,,
317440,5,10,1009,1540,1.885623323172331,0.2,0.4056406319141388,0.144140625,0.0003,0.9755159020423889,-0.5959081258624792,0.01062093749496853,0.06622692,,
319488,1,1,1935,1550,3.528027287684381,0.2,5.437003135681152,0.2265625,0.0003,0.941351592540741,-0.7634702000766993,0.00909846605718485,0.09135942,,
320000,,,,1560,1.101911112293601,0.2,0.8042932748794556,0.187646484375,0.0003,0.9867769479751587,-0.6162076309323311,-0.0035035670269280674,0.018553514,188.6,37.51195700764656
321536,2,3,1195,,,,,,,,,,,,
323584,3,5,1138,1570,6.384373652935028,0.2,2.6719541549682617,0.17451171875,0.0003,0.9418826103210449,-0.7957522740587593,0.012787195532291662,0.1659496,,
325000,,,,1580,1.1417002095840871,0.2,0.754423201084137,0.161865234375,0.0003,0.985267162322998,-0.6092150875367224,-0.006111687066731974,0.021826718,300.0,30.025165486335755
325632,4,7,1040,,,,,,,,,,,,
327680,5,9,1036,1590,0.9841055048629641,0.2,0.28049206733703613,0.187744140625,0.0003,0.9903103113174438,-0.5210507167503238,-0.002929353478248231,0.015813246,,
329728,1,0,2111,1600,3.1715856473892927,0.2,1.540472388267517,0.15947265625,0.0003,0.9705672860145569,-0.5912784827873111,0.010790979751618579,0.06672881,,
330000,,,,1610,5.303405187651515,0.2,1.8237881660461426,0.14970703125,0.0003,0.974915087223053,-0.7218108044937253,0.0004004594884463586,0.030737326,241.6,21.943697476387023
331776,2,3,1145,,,,,,,,,,,,
333824,3,5,1119,1620,1.103997315466404,0.2,1.0352367162704468,0.204345703125,0.0003,0.985049307346344,-0.4938015663065016,0.007619444375450257,0.04844088,,
335000,,,,1630,1.3126929320394993,0.2,0.8832491636276245,0.126953125,0.0003,0.9769026637077332,-0.5988178907893598,0.0044749411114025864,0.038089745,187.0,31.806395334005355
335872,4,7,1040,,,,,,,,,,,,
337920,5,9,1035,1640,6.211373811587691,0.2,5.891921520233154,0.203466796875,0.0003,0.9371724128723145,-0.7248492021113634,0.0034936873307742644,0.08028819,,
339968,1,1,1905,1650,1.206750305555761,0.2,0.6380186676979065,0.192529296875,0.0003,0.9776343107223511,-0.6175508175976574,0.002699214511085302,0.039701797,,
340000,,,,1660,0.7801196664571762,0.2,0.3187182545661926,0.193115234375,0.0003,0.9925843477249146,-0.5594066463410854,-0.0031008770689368247,0.025275279,300.0,30.32711926698685
342016,2,3,1113,,,,,,,,,,,,
344064,3,5,1089,1670,0.7594092424958945,0.2,0.42573392391204834,0.216015625,0.0003,0.9925252199172974,-0.5517161967232823,-0.006194672448327765,0.019072179,,
345000,,,,1680,0.9805623087100684,0.2,0.23700422048568726,0.1943359375,0.0003,0.9940085411071777,-0.5255377045832574,-0.009645447670482098,0.01623435,137.2,47.05726253688336
346112,4,8,1020,,,,,,,,,,,,
348160,5,9,1029,1690,6.773110269382596,0.2,4.895367622375488,0.2541015625,0.0003,0.9519717693328857,-0.7296948766335845,0.016815583960851654,0.06620233,,
350000,,,,1700,5.462789370492101,0.2,2.3788845539093018,0.20576171875,0.0003,0.9713037014007568,-0.6912950763478876,0.01726884658419294,0.016179103,202.2,53.51175856888294
350208,1,1,1445,,,,,,,,,,,,
352256,2,3,1230,1710,8.779193828999997,0.2,3.1749379634857178,0.190869140625,0.0003,0.9430372714996338,-0.8863684378564358,8.991603826871141e-05,0.03826937,,
354304,3,5,1145,1720,1.4717104276642203,0.2,0.49968811869621277,0.159814453125,0.0003,0.9669461846351624,-0.5000527398660779,0.006812159116088878,0.017418258,,
355000,,,,1730,4.831012159585953,0.2,1.8497915267944336,0.11015625,0.0003,0.9688506126403809,-0.6457365114241839,-0.0016377405394450762,0.012115135,246.4,39.258919870853425
356352,4,7,1040,,,,,,,,,,,,
358400,5,9,1047,1740,5.337532892823219,0.2,1.977996587753296,0.173876953125,0.0003,0.9579685926437378,-0.6747182314284146,0.008745994912169408,0.038363416,,
360000,,,,1750,7.762200414761901,0.2,1.9794822931289673,0.192333984375,0.0003,0.9631690979003906,-0.7076525757089257,0.006409032728697639,0.028125092,196.2,44.768798330426215
360448,1,1,1499,,,,,,,,,,,,
362496,2,3,1203,1760,1.3068950190208852,0.2,0.39949917793273926,0.192626953125,0.0003,0.9757018685340881,-0.5479540609754622,0.007199324583052657,0.032885745,,
364544,3,5,1126,1770,9.910215911269187,0.2,3.055803060531616,0.201513671875,0.0003,0.9226524233818054,-0.7996025977656245,0.017723612432018854,0.04261693,,
365000,,,,1780,7.339423124864697,0.2,5.358590602874756,0.230224609375,0.0003,0.9511958956718445,-0.6535334941931069,0.0049998780523310415,0.11954612,87.6,61.99507234096527
366592,4,7,1082,,,,,,,,,,,,
368640,5,9,1059,1790,1.2681187570095063,0.2,1.086031198501587,0.31630859375,0.0003,0.9815359115600586,-0.5776331132277847,0.02952448747237213,0.076611385,,
370000,,,,1800,0.8524710367433727,0.2,0.359756737947464,0.23857421875,0.0003,0.987787663936615,-0.5047092473134398,0.01710799245774979,0.039828762,89.4,55.14953653886914
370688,1,1,1680,,,,,,,,,,,,
372736,2,3,1259,1810,3.983519245125353,0.2,2.06018328666687,0.088623046875,0.0003,0.9623152017593384,-0.4840558965690434,-0.008712457890214863,0.007187537,,
374784,3,5,1144,1820,5.864584289118648,0.2,2.397742748260498,0.314990234375,0.0003,0.9431538581848145,-0.6848131142556667,0.04481786517571891,0.08651698,,
375000,,,,1830,11.022915852069854,0.2,5.793740272521973,0.2458984375,0.0003,0.9340705871582031,-0.9163329256698489,0.00883421118487604,0.037707124,75.6,39.57621566206217
376832,4,7,1087,,,,,,,,,,,,
378880,5,9,1072,1840,8.744958110153675,0.2,4.875711917877197,0.23388671875,0.0003,0.9574558138847351,-0.7809349946677685,-0.0012474286806536839,0.026587373,,
380000,,,,1850,6.579764414578676,0.2,2.7346205711364746,0.204248046875,0.0003,0.9665995240211487,-0.7961296075955033,0.003251313506916631,0.022015696,194.6,47.31074360907078
380928,1,1,1418,,,,,,,,,,,,
382976,2,3,1168,1860,3.1954342905431985,0.2,2.9998552799224854,0.228271484375,0.0003,0.9441869854927063,-0.6078954679891467,0.012612100889964496,0.07376352,,
385000,,,,1870,4.927518091350794,0.2,3.0281827449798584,0.176220703125,0.0003,0.9637085795402527,-0.7145089967176318,0.008691436595108825,0.032995798,138.4,53.43133274614811
385024,3,5,1071,,,,,,,,,,,,
387072,4,7,1044,1880,2.7904834592714907,0.2,0.7607240676879883,0.223974609375,0.0003,0.9737749695777893,-0.5884014364331961,0.007705840413109399,0.060106285,,
389120,5,10,1006,1890,2.63477435130626,0.2,1.2786873579025269,0.244140625,0.0003,0.9717423915863037,-0.5715384639799594,0.0278326549429039,0.050339237,,
390000,,,,1900,6.903078904375434,0.2,2.41108775138855,0.162890625,0.0003,0.9530547857284546,-0.7802585136145354,0.005068597081117332,0.0102277985,73.6,37.64305530786514
391168,1,1,1697,,,,,,,,,,,,
393216,2,3,1186,1910,4.4869171097874645,0.2,2.3667759895324707,0.18134765625,0.0003,0.9765083193778992,-0.6634602488018573,-0.0025976595759857448,0.01191666,,
395000,,,,1920,2.373225114867091,0.2,1.0501080751419067,0.12939453125,0.0003,0.978680431842804,-0.5749492924660444,-0.0010937021208519582,0.023843892,72.0,31.09514496922493
395264,3,5,1109,,,,,,,,,,,,
397312,4,7,1074,1930,1.7488136210478842,0.2,0.7979611754417419,0.172265625,0.0003,0.9840973615646362,-0.5822822430171073,0.0016642520597088151,0.026460215,,
399360,5,9,1063,1940,0.7424112570472061,0.2,0.39514920115470886,0.1673828125,0.0003,0.9884472489356995,-0.4904106805101037,0.007439577973855194,0.07482592,,
400000,,,,1950,0.8498628990724683,0.2,0.31308984756469727,0.30673828125,0.0003,0.990199625492096,-0.4079401483759284,0.06292258259491064,0.1871298,243.2,34.88991444632411
401408,1,1,1358,,,,,,,,,,,,
403456,2,3,1157,1960,13.394628459215165,0.2,5.91013240814209,0.334228515625,0.0003,0.8775855302810669,-0.9974476002156735,0.009153139549016486,0.042308714,,
405000,,,,1970,5.874480982497334,0.2,2.164267063140869,0.114892578125,0.0003,0.9536054134368896,-0.6252998795360327,0.0006561811838764698,0.018999198,137.0,51.63851049989462
405504,3,5,1073,,,,,,,,,,,,
407552,4,7,1056,1980,1.0958770524710417,0.2,0.19951173663139343,0.138525390625,0.0003,0.9898736476898193,-0.4442277600057423,0.003225952877255622,0.06630588,,
409600,5,9,1057,1990,0.6918822867330163,0.2,0.43247729539871216,0.16943359375,0.0003,0.9949597120285034,-0.44053485002368686,0.014971847708511631,0.0148748895,,
410000,,,,2000,0.5569363471586257,0.2,0.17085570096969604,0.18466796875,0.0003,0.995775580406189,-0.4367046806961298,0.008173016979708337,0.020941086,33.2,56.540557336807254
411648,1,1,1637,,,,,,,,,,,,
413696,2,3,1255,2010,1.5130231267772616,0.2,0.9393256902694702,0.18154296875,0.0003,0.9860569834709167,-0.4943354913033545,0.0032771481026429685,0.041187115,,
415000,,,,2020,1.7356122951954602,0.2,0.7943924069404602,0.223779296875,0.0003,0.9849473834037781,-0.5409217153675854,-0.0032293964628479443,0.051032998,37.2,59.58408876508474
415744,3,5,1149,,,,,,,,,,,,
417792,4,7,1097,2030,1.2219320849515498,0.2,0.22569429874420166,0.1640625,0.0003,0.9895265102386475,-0.45763037987053395,0.006208940291253384,0.026277706,,
419840,5,9,1087,2040,0.865877520898357,0.2,0.5151883363723755,0.15458984375,0.0003,0.9942764043807983,-0.39248056104406714,-0.005212992675660643,0.01874784,,
420000,,,,2050,0.6210776173509658,0.2,0.4209403991699219,0.16904296875,0.0003,0.994901716709137,-0.4346745295450091,0.002706557710189372,0.020572085,44.8,75.2940172046423
421888,1,1,1725,,,,,,,,,,,,
423936,2,3,1293,2060,0.6174678843002767,0.2,0.1908136010169983,0.1150390625,0.0003,0.9970264434814453,-0.38568069953471423,0.0019870736432494596,0.01614321,,
425000,,,,2070,0.6528976275119931,0.2,0.5194778442382812,0.1619140625,0.0003,0.9956266283988953,-0.3716852006968111,0.017269470925384667,0.04305485,29.8,53.97239425107837
425984,3,5,1177,,,,,,,,,,,,
428032,4,7,1122,2080,1.064310292713344,0.2,0.21947063505649567,0.162548828125,0.0003,0.99220871925354,-0.4625068253837526,0.005875023920089007,0.027597096,,
430000,,,,2090,0.7360617339611053,0.2,0.22054702043533325,0.220068359375,0.0003,0.9930985569953918,-0.3918526348657906,0.02862194526824169,0.080946825,80.8,47.0147713214159
430080,5,9,1078,,,,,,,,,,,,
432128,1,1,1965,2100,0.6625996949616819,0.2,0.18638670444488525,0.1890625,0.0003,0.9949511289596558,-0.4304671605117619,0.011774030397646129,0.049680375,,
434176,2,2,1379,2110,7.638268667086959,0.2,9.934008598327637,0.27333984375,0.0003,0.9473029375076294,-0.598183199390769,0.037841427240346094,0.0700141,,
435000,,,,2120,5.317601648718119,0.2,1.5006740093231201,0.131884765625,0.0003,0.9643777012825012,-0.5536472872830928,0.002025871274236124,0.037724767,135.8,48.592017808556555
436224,3,5,1161,,,,,,,,,,,,
438272,4,7,1121,2130,2.4342040127143263,0.2,0.683468759059906,0.168994140625,0.0003,0.9775459170341492,-0.5219914734363555,0.009551180872222176,0.0377296,,
440000,,,,2140,1.319736566580832,0.2,0.8635374903678894,0.1638671875,0.0003,0.9876614212989807,-0.4674184828065336,0.0037388765442301517,0.024360813,131.0,27.956611862778665
440320,5,9,1073,,,,,,,,,,,,
442368,1,1,1917,2150,0.9605045687407255,0.2,0.7261211276054382,0.16103515625,0.0003,0.9913950562477112,-0.4603513584472239,-0.00020897591311950237,0.017560083,,
444416,2,2,1379,2160,0.7438192773610354,0.2,0.2848234474658966,0.14794921875,0.0003,0.9925838708877563,-0.4336772499606013,0.004610909278562758,0.041501783,,
445000,,,,2170,0.5246187360025942,0.2,0.250557541847229,0.208203125,0.0003,0.995005190372467,-0.43557089641690255,0.009227630461828085,0.05415956,143.8,48.66553760841489
446464,3,5,1146,,,,,,,,,,,,
448512,4,7,1105,2180,0.586347781540826,0.2,0.1490412950515747,0.11787109375,0.0003,0.9966158270835876,-0.40436548218131063,-0.001254342109314166,0.012382893,,
450000,,,,2190,0.6402138700708747,0.2,0.40148675441741943,0.1140625,0.0003,0.9964430332183838,-0.3840945277363062,0.003977842041058466,0.028012224,82.8,47.20106766074896
450560,5,9,1053,,,,,,,,,,,,
452608,1,0,2110,2200,8.167203076183796,0.2,1.503017783164978,0.405419921875,0.0003,0.9439625144004822,-0.6284448240883649,0.029043507215101273,0.21716598,,
454656,2,2,1399,2210,0.7647462469991296,0.2,1.0231229066848755,0.211572265625,0.0003,0.9923837184906006,-0.3693012920208275,0.032002761373587416,0.0395602,,
455000,,,,2220,1.2130531813018024,0.2,0.767033040523529,0.1126953125,0.0003,0.9855943918228149,-0.4444002667441964,0.004149672081985046,0.020856638,29.4,56.30083707273006
456704,3,5,1181,,,,,,,,,,,,
458752,4,7,1134,2230,0.5428782025817782,0.2,0.29415902495384216,0.115380859375,0.0003,0.9943937659263611,-0.3886371783912182,0.0036260676541132854,0.03210842,,
460000,,,,2240,0.7221407710574568,0.2,0.3467106819152832,0.193115234375,0.0003,0.9930654764175415,-0.41327380388975143,0.006784944636456203,0.050596204,31.0,54.014597330987456
460800,5,9,1093,,,,,,,,,,,,
462848,1,0,2069,2250,7.699262424558401,0.2,7.100563049316406,0.201708984375,0.0003,0.9494353532791138,-0.6396865101531148,0.0050677832419751215,0.14495508,,
464896,2,3,1336,2260,1.537480697222054,0.2,1.476521372795105,0.156005859375,0.0003,0.9826569557189941,-0.3939647226594388,0.02155448663397692,0.0616875,,
465000,,,,2270,0.6750441056676209,0.2,0.14756716787815094,0.1607421875,0.0003,0.9951783418655396,-0.36107519175857306,0.0020426469985977747,0.044852197,90.2,52.871133384108546
466944,3,5,1166,,,,,,,,,,,,
468992,4,7,1139,2280,0.6041349700186401,0.2,0.270565390586853,0.156396484375,0.0003,0.9949154853820801,-0.3534732297528535,0.011306995972699952,0.084117755,,
470000,,,,2290,9.543107273429632,0.2,4.003524303436279,0.1958984375,0.0003,0.9303207993507385,-0.6425330581143498,0.015009142056806013,0.025474088,138.2,52.07947039157152
471040,5,9,1065,,,,,,,,,,,,
473088,1,1,1984,2300,10.409503418952227,0.2,4.073749542236328,0.154443359375,0.0003,0.9472992420196533,-0.7008326388895512,0.0065161040380189664,0.10157822,,
475000,,,,2310,2.549345761723816,0.2,1.4662357568740845,0.13828125,0.0003,0.9728878140449524,-0.4193147515878081,0.008586619497509673,0.032672442,80.8,51.01599942445755
475136,2,3,1241,,,,,,,,,,,,
477184,3,5,1167,2320,1.8377906570211053,0.2,0.8311444520950317,0.14404296875,0.0003,0.9810974597930908,-0.4124798276461661,0.006381373168551363,0.025371183,,
479232,4,7,1117,2330,0.829718718957156,0.2,0.16584423184394836,0.147265625,0.0003,0.9932309985160828,-0.35746881272643805,0.020076098463323432,0.03132543,,
480000,,,,2340,5.255922251194716,0.2,1.6806995868682861,0.2041015625,0.0003,0.9594947695732117,-0.5632503060624003,0.013297032738046255,0.04522778,25.4,46.789828072860836
481280,5,9,1080,,,,,,,,,,,,
483328,1,0,2075,2350,0.6237587563693523,0.2,0.30873703956604004,0.167529296875,0.0003,0.9879637360572815,-0.35022991318255664,0.03210604913765565,0.046236157,,
485000,,,,2360,4.009754384681583,0.2,3.6918106079101562,0.27890625,0.0003,0.9592071771621704,-0.3952378930989653,0.024727312484174035,0.12092724,40.2,65.96861955672503
485376,2,3,1297,,,,,,,,,,,,
487424,3,5,1188,2370,0.7998562059830874,0.2,0.3802788257598877,0.092626953125,0.0003,0.9933373332023621,-0.3698999859858304,0.0016750263530411758,0.0140357,,
489472,4,7,1156,2380,0.8669044629670679,0.2,0.5553698539733887,0.11572265625,0.0003,0.9932910203933716,-0.414091807231307,0.0064423395400808655,0.10307562,,
490000,,,,2390,0.9330045487731695,0.2,0.3406631350517273,0.162353515625,0.0003,0.9927892684936523,-0.465187353361398,-0.007137602138391231,0.072664395,187.6,29.948240262269973
491520,5,9,1055,,,,,,,,,,,,
493568,1,0,2156,2400,1.0919984271749854,0.2,0.5244103670120239,0.092822265625,0.0003,0.9961264729499817,-0.42682550586760043,-0.005105316045228392,0.016505277,,
495000,,,,2410,0.48459020094014704,0.2,0.11633078753948212,0.117822265625,0.0003,0.9975103735923767,-0.43229128075763584,-0.004595810247701592,0.014044443,44.4,69.49639139845968
495616,2,3,1275,,,,,,,,,,,,
497664,3,5,1168,2420,0.6019718586932867,0.2,0.13096082210540771,0.1796875,0.0003,0.997137725353241,-0.3916432250291109,0.0047006930995848965,0.03768509,,
499712,4,7,1110,2430,0.5961372889112682,0.2,0.10491374135017395,0.1236328125,0.0003,0.9973316192626953,-0.38734084730967877,0.0025307174306362866,0.018166006,,
500000,,,,2440,0.6151336043374613,0.2,0.11989226937294006,0.12607421875,0.0003,0.9966743588447571,-0.36431556968018414,0.0058435681319679135,0.019207982,20.6,42.12832895070314
501760,5,9,1083,,,,,,,,,,,,
503808,1,0,2061,2450,0.4625173512846231,0.2,0.20384901762008667,0.20595703125,0.0003,0.9969594478607178,-0.3767533998005092,0.0366131970891729,0.04680684,,
505000,,,,2460,0.43975381590425966,0.2,0.18457184731960297,0.10830078125,0.0003,0.9975796341896057,-0.3703400851227343,0.0012588644927745917,0.029094826,27.8,52.40188368409872
505856,2,3,1269,,,,,,,,,,,,
507904,3,5,1163,2470,0.5720439546741545,0.2,0.2476852685213089,0.27841796875,0.0003,0.9962363839149475,-0.3684400257654488,0.027978028669895138,0.060398303,,
509952,4,7,1123,2480,0.5958021210506559,0.2,1.4555940628051758,0.153271484375,0.0003,0.9959416389465332,-0.3727416359819472,0.0032936291667283514,0.02300651,,
510000,,,,2490,6.6385577518492935,0.2,3.062382221221924,0.1404296875,0.0003,0.943695068359375,-0.5342694450169801,0.0015885287415585481,0.03969388,145.6,57.55641467571259
512000,5,9,1075,,,,,,,,,,,,
514048,1,1,1888,2500,0.7202291842084378,0.2,0.20935451984405518,0.13583984375,0.0003,0.9929404854774475,-0.3325687000993639,0.012822519104520324,0.066803336,,
515000,,,,2510,0.5125474858563394,0.2,0.12829768657684326,0.154736328125,0.0003,0.9976340532302856,-0.3417619439773262,0.020731251782854086,0.049537953,27.8,51.5803477704525
516096,2,3,1302,,,,,,,,,,,,
518144,3,5,1217,2520,0.6817290771286935,0.2,0.2861369252204895,0.105859375,0.0003,0.9959591627120972,-0.33833810668438674,0.005699847827781923,0.02974772,,
520000,,,,2530,0.5967874587979167,0.2,0.9871835708618164,0.18115234375,0.0003,0.9952991008758545,-0.35563213312998415,0.01607109179967665,0.05169214,73.8,37.63172453045845
520192,4,7,1105,,,,,,,,,,,,
522240,5,9,1084,2540,1.5843178801238538,0.2,0.8853527307510376,0.18388671875,0.0003,0.992556631565094,-0.42029860550537707,0.005585997582238633,0.36210334,,
524288,1,1,1785,2550,0.5958703358191997,0.2,0.4041544795036316,0.15439453125,0.0003,0.9961796402931213,-0.29620533385314046,0.017259031951834914,0.24831398,,
525000,,,,2560,14.745250749960542,0.2,1.0918651819229126,0.285986328125,0.0003,0.8445475697517395,-0.5954306812956929,0.027352877192606685,0.120485485,300.0,35.2953094644472
526336,2,3,1127,,,,,,,,,,,,
528384,3,5,1086,2570,16.24783610031009,0.2,15.12158489227295,0.18037109375,0.0003,0.8535034656524658,-0.7870507452636957,0.007241486469865777,0.16587466,,
530000,,,,2580,7.94756772108376,0.2,1.530836582183838,0.260498046875,0.0003,0.8883703947067261,-0.5285641071386635,0.05144615753524704,0.27856642,300.0,31.214768785238267
530432,4,8,975,,,,,,,,,,,,
532480,5,10,949,2590,10.09910551905632,0.2,8.718222618103027,0.211767578125,0.0003,0.8900876641273499,-0.7244606461375952,-0.0018361006936174818,0.049512066,,
534528,1,0,2112,2600,9.373344761505724,0.2,3.340216875076294,0.16298828125,0.0003,0.8784492611885071,-0.6839637735858559,0.0019231637437769678,0.04514928,,
535000,,,,2610,4.449897695332766,0.2,2.109428644180298,0.223046875,0.0003,0.9247216582298279,-0.5924978078342974,0.011545223112625536,0.043166287,300.0,19.21994543671608
536576,2,3,1157,,,,,,,,,,,,
538624,3,5,1107,2620,2.5845572259277105,0.2,1.364615559577942,0.221435546875,0.0003,0.9530079364776611,-0.5494309767149389,0.010709594826039393,0.074830934,,
540000,,,,2630,2.0886908449232577,0.2,0.6129178404808044,0.274072265625,0.0003,0.9722100496292114,-0.552536959014833,-0.0003346044119098224,0.02809945,300.0,18.345159912109374
540672,4,8,1011,,,,,,,,,,,,
542720,5,10,997,2640,5.879833895713091,0.2,1.9664099216461182,0.087255859375,0.0003,0.8501693606376648,-0.5346167247742415,-0.0028788575509679504,0.03238762,,
544768,1,1,2042,2650,0.8657620652578771,0.2,0.33355480432510376,0.227978515625,0.0003,0.9878218770027161,-0.5170901518315076,-0.005345257328008302,0.032959066,,
545000,,,,2660,0.8084726701490581,0.2,0.5728821158409119,0.20205078125,0.0003,0.9919725656509399,-0.46672271359711887,0.006338824742124416,0.08177478,242.2,30.82726086974144
546816,2,3,1157,,,,,,,,,,,,
548864,3,5,1105,2670,0.6196520175784827,0.2,0.2608368396759033,0.2265625,0.0003,0.9951404929161072,-0.4583349822089076,-6.434944516513497e-05,0.022780579,,
550000,,,,2680,4.5311911925673485,0.2,3.7066471576690674,0.105029296875,0.0003,0.9571570158004761,-0.5613325049169362,0.00023563434660900384,0.031535745,184.6,26.968107521533966
550912,4,7,1024,,,,,,,,,,,,
552960,5,10,1019,2690,6.426644706726075,0.2,3.7746055126190186,0.208935546875,0.0003,0.9347627758979797,-0.6089064946398139,0.021404734332463704,0.0459227,,
555000,,,,2700,0.6193407852668316,0.2,0.4187287986278534,0.141455078125,0.0003,0.9899868369102478,-0.4639875362627208,-0.0005846333602676168,0.010868423,76.8,40.19249728918076
555008,1,1,1782,,,,,,,,,,,,
557056,2,3,1259,2710,0.5038574534934014,0.2,0.26941683888435364,0.16923828125,0.0003,0.9950992465019226,-0.4502522618509829,-0.00013819208106724545,0.025510337,,
559104,3,5,1162,2720,3.1052774164825676,0.2,1.8921083211898804,0.13896484375,0.0003,0.9760563373565674,-0.5284990181215108,-0.013725218566833064,0.016950985,,
560000,,,,2730,1.3387137598358094,0.2,0.48178860545158386,0.120361328125,0.0003,0.9886373281478882,-0.471619678940624,0.0023333870762144216,0.020437106,26.8,50.644006526470186
561152,4,7,1059,,,,,,,,,,,,
563200,5,9,1056,2740,0.6534435715992004,0.2,0.5814465880393982,0.1787109375,0.0003,0.9950815439224243,-0.43042002599686385,0.003204604226630181,0.025931573,,
565000,,,,2750,2.9723065281286836,0.2,0.46597564220428467,0.092529296875,0.0003,0.9696017503738403,-0.5017299162223935,-0.0048341275993152525,0.008941874,77.0,36.047368279099466
565248,1,1,1666,,,,,,,,,,,,
567296,2,3,1259,2760,2.884706792328507,0.2,0.5840674638748169,0.15234375,0.0003,0.9793157577514648,-0.47378272702917457,0.017600368433340917,0.047207057,,
569344,3,5,1151,2770,1.2370432196184993,0.2,0.4845162034034729,0.11708984375,0.0003,0.9882174730300903,-0.4064842998050153,-0.006736621604068205,0.012167005,,
570000,,,,2780,1.1828204819001258,0.2,0.23606836795806885,0.159375,0.0003,0.9855598211288452,-0.406802727188915,0.012861143487680238,0.04207489,29.4,57.28104219436646
571392,4,7,1085,,,,,,,,,,,,
573440,5,9,1077,2790,0.889299229439348,0.2,0.6615335941314697,0.15205078125,0.0003,0.9909135699272156,-0.39196498701348903,-0.0012281089686439373,0.020963915,,
575000,,,,2800,0.5535269330255688,0.2,0.1752312034368515,0.15263671875,0.0003,0.9965580701828003,-0.3317462828475982,0.013741825218312442,0.015205576,39.8,66.0582882642746
575488,1,1,1665,,,,,,,,,,,,
577536,2,3,1270,2810,0.5839936573989689,0.2,0.08909446001052856,0.09052734375,0.0003,0.9961823225021362,-0.33906039842404423,0.010186036322556902,0.048697952,,
579584,3,5,1184,2820,3.0417768894694746,0.2,1.7029945850372314,0.190380859375,0.0003,0.9816477298736572,-0.41737176906317475,0.0015361245692474767,0.07425408,,
580000,,,,2830,3.1797414873726666,0.2,0.4406547546386719,0.193408203125,0.0003,0.9877492189407349,-0.38838078901171685,0.013388203597423853,0.17025033,242.0,29.894891095161437
581632,4,7,1058,,,,,,,,,,,,
583680,5,9,1058,2840,0.6299468964803964,0.2,0.49793553352355957,0.241748046875,0.0003,0.9931788444519043,-0.3908420980907977,0.04436873083031969,0.102653444,,
585000,,,,2850,2.983026171196252,0.2,0.34977322816848755,0.20615234375,0.0003,0.9862839579582214,-0.4208027645945549,0.012687152512080501,0.11349365,71.4,32.3742489695549
585728,1,1,1679,,,,,,,,,,,,
587776,2,3,1297,2860,0.9591579808853566,0.2,0.4187101721763611,0.27353515625,0.0003,0.9929885268211365,-0.48921826146543024,-0.008194340116460808,0.35136235,,
589824,3,5,1183,2870,1.0630259049125015,0.2,0.5200570821762085,0.21162109375,0.0003,0.9919032454490662,-0.4704718265682459,0.00889171517410432,0.10052693,,
590000,,,,2880,2.1761523337103426,0.2,0.422435462474823,0.170068359375,0.0003,0.9739601612091064,-0.4947066533379257,-0.004823532339651137,0.027063498,135.0,45.50228655934334
591872,4,7,1085,,,,,,,,,,,,
593920,5,9,1078,2890,0.6414408630691468,0.2,0.5900894999504089,0.282763671875,0.0003,0.9920854568481445,-0.42622894993983207,0.06334336203872226,0.1867061,,
595000,,,,2900,10.727768483012914,0.2,5.744668006896973,0.167236328125,0.0003,0.9028164744377136,-0.7775588162243366,0.000135479579330422,0.03727865,129.0,29.097205179929734
595968,1,1,1610,,,,,,,,,,,,
598016,2,3,1273,2910,14.008012814074755,0.2,3.004401445388794,0.117578125,0.0003,0.9395575523376465,-0.6277478976175189,0.00107109999662498,0.009873185,,
600000,,,,2920,5.638890208490193,0.2,1.1947475671768188,0.082373046875,0.0003,0.9633128643035889,-0.5460306429304183,-0.0012210986984428017,0.012058458,188.6,28.78577854633331
600064,3,5,1083,,,,,,,,,,,,
602112,4,7,1079,2930,10.590514847636223,0.2,6.074276447296143,0.142041015625,0.0003,0.956902265548706,-0.6827196329832077,-0.004415115342999343,0.015553491,,
604160,5,9,1064,2940,5.848863272741437,0.2,2.247549295425415,0.144091796875,0.0003,0.9596545100212097,-0.5743256591260433,0.0037259877033648083,0.015675623,,
605000,,,,2950,4.184280726313591,0.2,0.8503190279006958,0.16787109375,0.0003,0.9770255088806152,-0.551317800488323,0.007602757219865452,0.019550476,186.0,32.30162528753281
606208,1,1,1428,,,,,,,,,,,,
608256,2,3,1252,2960,10.266147498786449,0.2,2.522430181503296,0.20068359375,0.0003,0.9562511444091797,-0.6616324869915843,-0.006290568097756477,0.020187782,,
610000,,,,2970,7.327389124408365,0.2,1.2886549234390259,0.127978515625,0.0003,0.9567331075668335,-0.5526057138107717,0.0027801830889075062,0.058276765,191.0,40.7066364955157
610304,3,5,1069,,,,,,,,,,,,
612352,4,7,1064,2980,7.505361249297858,0.2,2.7438220977783203,0.2478515625,0.0003,0.9719803333282471,-0.674354843236506,0.027427015215653227,0.09076255,,
614400,5,9,1040,2990,6.072691542096436,0.2,1.4209034442901611,0.1787109375,0.0003,0.9751105308532715,-0.600120579637587,-0.001349648743052967,0.049193412,,
615000,,,,3000,3.5106447229161857,0.2,0.9383818507194519,0.1751953125,0.0003,0.9575937390327454,-0.6346208739094437,-0.0004983002247172408,0.021301512,300.0,39.15524489283562
616448,1,1,1341,,,,,,,,,,,,
618496,2,3,1151,3010,4.9767338439822195,0.2,3.2093753814697266,0.158935546875,0.0003,0.97181636095047,-0.6236892065033317,0.0017024042361299507,0.044660714,,
620000,,,,3020,2.393384901620448,0.2,1.8716226816177368,0.164013671875,0.0003,0.9762129783630371,-0.6360182290896773,0.00441090995882405,0.03890949,191.6,34.30834552049637
620544,3,5,1028,,,,,,,,,,,,
622592,4,7,1025,3030,3.6213160080835225,0.2,0.5302132368087769,0.218701171875,0.0003,0.9463958740234375,-0.6853180654346943,0.006621746790187899,0.02810365,,
624640,5,10,1010,3040,1.0276542719453574,0.2,0.33352094888687134,0.20947265625,0.0003,0.9855576753616333,-0.5734376008622348,-0.0014487884138361551,0.028426526,,
625000,,,,3050,4.987167737446725,0.2,1.223158359527588,0.17470703125,0.0003,0.9534660577774048,-0.6453604137524962,0.0006866214418550954,0.022176439,182.4,25.228745102882385
626688,1,1,1454,,,,,,,,,,,,
628736,2,3,1191,3060,2.9534293895587327,0.2,1.7023327350616455,0.1568359375,0.0003,0.971089243888855,-0.5741855112835765,0.012788655799522531,0.013416529,,
630000,,,,3070,8.378294222056866,0.2,3.6281187534332275,0.1470703125,0.0003,0.9551902413368225,-0.7838638689368963,-0.0029160174875869417,0.015747547,140.4,40.46709050834179
630784,3,5,1064,,,,,,,,,,,,
632832,4,7,1046,3080,5.040669078752399,0.2,0.7182033658027649,0.142431640625,0.0003,0.9591692686080933,-0.6337689187377691,-0.0004381875682156533,0.03942749,,
634880,5,9,1034,3090,1.4155659870244564,0.2,0.9769273400306702,0.13232421875,0.0003,0.970949649810791,-0.5525765112601221,0.0071516600539325735,0.014174172,,
635000,,,,3100,4.550868796929717,0.2,2.6624717712402344,0.0947265625,0.0003,0.9671657085418701,-0.6031055876985192,-0.0015312235482269898,0.013555337,184.2,29.213883139938115
636928,1,1,1549,,,,,,,,,,,,
638976,2,3,1232,3110,8.667160788178444,0.2,3.471973180770874,0.149267578125,0.0003,0.953583836555481,-0.7286837233230472,0.00034555490565253423,0.029710282,,
640000,,,,3120,3.926957334578037,0.2,1.3462079763412476,0.15341796875,0.0003,0.960359513759613,-0.6346419128589332,0.008592210400092882,0.021675136,243.0,37.51246711611748
641024,3,5,1064,,,,,,,,,,,,
643072,4,7,1056,3130,4.391295629739761,0.2,3.5470917224884033,0.169921875,0.0003,0.9653599858283997,-0.6260726171545684,-0.0019446265505393967,0.019091958,,
645000,,,,3140,3.5850159170106055,0.2,1.5302597284317017,0.17294921875,0.0003,0.9701648354530334,-0.5960891299881041,0.004249186943343375,0.015561787,189.4,36.66460769176483
645120,5,10,1016,,,,,,,,,,,,
647168,1,1,1809,3150,4.839271917752922,0.2,1.2560746669769287,0.156298828125,0.0003,0.9696887135505676,-0.636538194771856,-0.004957549573737197,0.012113582,,
649216,2,3,1327,3160,2.3964143654331567,0.2,0.999794602394104,0.140771484375,0.0003,0.982792854309082,-0.566708953678608,0.0016037608656915836,0.02642715,,
650000,,,,3170,3.359660018235445,0.2,0.8319984674453735,0.162744140625,0.0003,0.9758335947990417,-0.577371197193861,-0.003452883526915684,0.052903228,84.2,47.52193564772606
651264,3,5,1163,,,,,,,,,,,,
653312,4,7,1117,3180,5.2048877768218516,0.2,2.9516167640686035,0.09658203125,0.0003,0.9480493068695068,-0.6169652101583779,-0.007213752232200932,0.006910554,,
655000,,,,3190,6.034469609707594,0.2,4.658498764038086,0.143798828125,0.0003,0.9786040782928467,-0.644995067641139,-0.00020105662479181775,0.015021872,187.2,34.255185747146605
655360,5,9,1061,,,,,,,,,,,,
657408,1,1,2007,3200,2.5542716609314082,0.2,1.5334525108337402,0.15830078125,0.0003,0.9655645489692688,-0.5669686972163618,0.0008827666213619522,0.02126042,,
659456,2,2,1369,3210,2.892049925588071,0.2,1.7597664594650269,0.163232421875,0.0003,0.9591487050056458,-0.5426287233829499,0.013091343998530647,0.17337689,,
660000,,,,3220,7.371034362539649,0.2,5.885593891143799,0.150439453125,0.0003,0.916977047920227,-0.7971488477662205,-0.0015221623296383768,0.06342772,129.6,40.9027686983347
661504,3,5,1133,,,,,,,,,,,,
663552,4,7,1099,3230,4.446052464842796,0.2,1.6054917573928833,0.1767578125,0.0003,0.9562273025512695,-0.7050278870388865,-0.004981127881910652,0.024362624,,
665000,,,,3240,3.784638037532568,0.2,2.025139570236206,0.19716796875,0.0003,0.9602214097976685,-0.8251751434057951,0.0024815830540319437,0.022381686,186.4,36.1940397657454
665600,5,9,1056,,,,,,,,,,,,
667648,1,1,2005,3250,5.304850886017084,0.2,1.961741328239441,0.170166015625,0.0003,0.936089813709259,-0.8318034961819649,0.007144280786451418,0.032298937,,
669696,2,3,1298,3260,3.0396152429282663,0.2,1.737737774848938,0.1998046875,0.0003,0.9651468396186829,-0.6930678358301521,0.0029960421263240276,0.0324319,,
670000,,,,3270,4.060869355499745,0.2,2.5896947383880615,0.186669921875,0.0003,0.9507554769515991,-0.7920317312702536,0.006477712781634182,0.032345634,132.6,43.164847031235695
671744,3,5,1104,,,,,,,,,,,,
673792,4,7,1097,3280,7.515898773819208,0.2,4.515487194061279,0.171923828125,0.0003,0.9117379188537598,-0.7903958193957805,0.0008455478178802878,0.023529284,,
675000,,,,3290,7.834822016954422,0.2,6.136153697967529,0.16513671875,0.0003,0.9319198727607727,-0.7622383117675782,0.0006837632230599411,0.013353322,242.4,28.408744075894354
675840,5,9,1025,,,,,,,,,,,,
677888,1,1,2045,3300,4.278565052896738,0.2,1.8012834787368774,0.1462890625,0.0003,0.9383218884468079,-0.716742305457592,-0.006785964645678178,0.014001542,,
679936,2,2,1376,3310,2.1624383477494122,0.2,0.9432677030563354,0.142919921875,0.0003,0.9745557308197021,-0.6471650287508964,-0.003338944309507497,0.024332449,,
680000,,,,3320,12.440251244604587,0.2,7.461452484130859,0.23505859375,0.0003,0.8512418270111084,-0.9352255884557963,-0.000846772019576747,0.024244417,300.0,22.155974093079568
681984,3,5,1093,,,,,,,,,,,,
684032,4,7,1074,3330,9.488257024437189,0.2,2.7255101203918457,0.19775390625,0.0003,0.9150935411453247,-0.8610822316259146,0.008836450008675455,0.01605503,,
685000,,,,3340,3.9843738488852978,0.2,1.857879638671875,0.1896484375,0.0003,0.9621464610099792,-0.8104292005300522,0.018168167963449378,0.04887513,300.0,24.367492818832396
686080,5,10,999,,,,,,,,,,,,
688128,1,1,1973,3350,8.831092406064272,0.2,5.592520236968994,0.170166015625,0.0003,0.9215895533561707,-0.9948724191635847,0.0004756137466756627,0.013770356,,
690000,,,,3360,10.10455368757248,0.2,3.7109413146972656,0.15087890625,0.0003,0.9175273776054382,-0.9254440657794476,0.0020907055921270514,0.039321065,241.6,31.462874872982503
690176,2,3,1108,,,,,,,,,,,,
692224,3,5,1089,3370,10.540013878792525,0.2,3.249218702316284,0.24130859375,0.0003,0.9099913239479065,-1.1292058473452926,-0.012068508433003444,0.022961147,,
694272,4,7,1066,3380,15.528407661616802,0.2,6.754770755767822,0.24384765625,0.0003,0.8358504176139832,-1.0684921937063336,-0.010178330435883254,0.019866738,,
695000,,,,3390,10.217451053112745,0.2,4.437366962432861,0.198779296875,0.0003,0.8882045745849609,-0.9754002172499895,0.004390202621289063,0.05109524,242.4,24.05332720228471
696320,5,10,1016,,,,,,,,,,,,
698368,1,1,1922,3400,10.378841327130795,0.2,4.327211380004883,0.173779296875,0.0003,0.8970012664794922,-1.063205486908555,-0.005309782244148664,0.042990685,,
700000,,,,3410,12.694780214130878,0.2,8.248086929321289,0.20859375,0.0003,0.849032461643219,-1.029945106431842,-0.0009419265654287301,0.04520066,300.0,19.07826165147126
700416,2,3,1097,,,,,,,,,,,,
702464,3,5,1089,3420,11.698120244592427,0.2,3.9393303394317627,0.14765625,0.0003,0.8931396007537842,-0.9690834779292345,0.0068878950623911805,0.0181523,,
704512,4,7,1045,3430,9.131489096581936,0.2,3.500840902328491,0.1783203125,0.0003,0.8919541835784912,-0.9915897224098444,-0.005861463192559313,0.014570175,,
705000,,,,3440,8.917558708786965,0.2,4.098965167999268,0.2095703125,0.0003,0.9032542705535889,-1.0267466409131885,0.013758702103950781,0.02308485,242.4,29.162787470594047
706560,5,10,997,,,,,,,,,,,,
708608,1,1,1947,3450,8.932856684923172,0.2,5.206346035003662,0.176220703125,0.0003,0.9278172850608826,-1.0665035719051956,-0.00013635430550493766,0.017787736,,
710000,,,,3460,10.415362617373466,0.2,5.3599090576171875,0.129931640625,0.0003,0.9214697480201721,-0.9763096207752824,-0.004229315245902398,0.012061427,300.0,27.304609946906567
710656,2,3,1173,,,,,,,,,,,,
712704,3,5,1105,3470,11.462315866351128,0.2,6.098203182220459,0.183984375,0.0003,0.9043437242507935,-1.0399268217384816,0.010908848192048026,0.028716516,,
714752,4,7,1073,3480,9.553441168367863,0.2,3.0022006034851074,0.1326171875,0.0003,0.9030047059059143,-1.0213725289329887,0.001545284962048754,0.015208219,,
715000,,,,3490,10.033968566358089,0.2,4.768455505371094,0.153271484375,0.0003,0.8794537782669067,-0.9782485228031874,-0.005118956793739926,0.014378307,300.0,31.133234961330892
716800,5,10,991,,,,,,,,,,,,
718848,1,0,2111,3500,9.076244918256998,0.2,5.1736555099487305,0.130029296875,0.0003,0.9286617636680603,-0.9863302826881408,-0.0032877217927307356,0.017085666,,
720000,,,,3510,9.6367891125381,0.2,3.0592880249023438,0.1541015625,0.0003,0.8975268602371216,-1.0644768040627242,0.0010137225057405886,0.019501893,242.8,30.41453669667244
720896,2,3,1183,,,,,,,,,,,,
722944,3,5,1110,3520,8.496165269613266,0.2,6.7026286125183105,0.123681640625,0.0003,0.9241138100624084,-0.9669180361554026,-0.0014287335929111578,0.032617018,,
724992,4,7,1091,3530,6.758561287075281,0.2,3.455860137939453,0.13173828125,0.0003,0.9369884133338928,-1.024408521130681,-5.2109647367615255e-05,0.014675047,,
725000,,,,3540,7.8731472171843055,0.2,5.621431350708008,0.12353515625,0.0003,0.9186971783638,-0.9734296463429928,-0.0015565726433123927,0.019413006,242.4,31.657416000962257
727040,5,10,1022,,,,,,,,,,,,
729088,1,1,2040,3550,11.272237324714661,0.2,6.71794319152832,0.153271484375,0.0003,0.9027577042579651,-1.0061365965753795,-0.0025329852644063065,0.023525707,,
730000,,,,3560,7.447592735290527,0.2,4.9206862449646,0.234765625,0.0003,0.9260281324386597,-0.9301328694447875,0.011834357165935217,0.052231148,242.0,21.44971791766584
731136,2,3,1141,,,,,,,,,,,,
733184,3,5,1103,3570,8.558194859325885,0.2,3.695230722427368,0.14609375,0.0003,0.9210174083709717,-0.9096225077286363,0.002284351135313045,0.016753785,,
735000,,,,3580,12.545494078099727,0.2,10.223824501037598,0.139453125,0.0003,0.927682101726532,-0.9427980311214924,0.004875934457231779,0.019399453,300.0,30.655524665443227
735232,4,8,1001,,,,,,,,,,,,
737280,5,10,1006,3590,9.609814172238112,0.2,3.316567897796631,0.1158203125,0.0003,0.929264485836029,-0.8758550167083741,0.002050317764224019,0.018899314,,
739328,1,0,2074,3600,7.761314638704062,0.2,2.2684402465820312,0.222216796875,0.0003,0.9374940395355225,-0.9386177694424986,0.010240452230209484,0.06945069,,
740000,,,,3610,8.720455242693424,0.2,7.430057048797607,0.16884765625,0.0003,0.9245044589042664,-0.9474795654416084,-0.0001322086332947947,0.027380412,300.0,17.732405281066896
741376,2,3,1121,,,,,,,,,,,,
743424,3,5,1087,3620,8.241671661287546,0.2,4.6609697341918945,0.19716796875,0.0003,0.9181632995605469,-1.0211216367781162,0.0028905224840855225,0.039668396,,
745000,,,,3630,10.8397376075387,0.2,5.906118869781494,0.233935546875,0.0003,0.8942633867263794,-1.0213529426604508,0.01470805414573988,0.030931182,242.0,32.72548249363899
745472,4,8,999,,,,,,,,,,,,
747520,5,10,1007,3640,9.392063595354557,0.2,3.222851276397705,0.2416015625,0.0003,0.8617782592773438,-1.0720702918246388,-0.005769957609300036,0.028324548,,
749568,1,1,1839,3650,10.145770458877086,0.2,6.918124198913574,0.1814453125,0.0003,0.8958034515380859,-1.0131673332303763,-0.0014170767586620058,0.020609647,,
750000,,,,3660,12.28155893087387,0.2,3.092129945755005,0.091064453125,0.0003,0.8762927651405334,-0.9486238285899162,-0.004076780597824836,0.008966733,241.0,25.632143320329487
751616,2,3,1139,,,,,,,,,,,,
753664,3,5,1093,3670,7.75653789639473,0.2,2.471597194671631,0.166259765625,0.0003,0.8634529113769531,-1.024180924706161,-0.0023621446351171473,0.015320618,,
755000,,,,3680,9.798358258605003,0.2,4.845464706420898,0.116650390625,0.0003,0.8963463306427002,-0.9635498816147446,0.0014508880907669664,0.050724626,244.0,24.482923159003256
755712,4,8,1005,,,,,,,,,,,,
757760,5,10,1018,3690,12.8639542222023,0.2,4.420636177062988,0.197119140625,0.0003,0.8583326935768127,-1.0478173593059181,0.007804158142243977,0.06410798,,
759808,1,1,1967,3700,8.895352068543435,0.2,5.736820220947266,0.188037109375,0.0003,0.8966484069824219,-1.04911093339324,-0.0006135016912594438,0.021155365,,
760000,,,,3710,7.810746721923351,0.2,5.652223587036133,0.166064453125,0.0003,0.9045413732528687,-1.0274393605068326,0.00837973560046521,0.032958858,183.0,27.95763665139675
761856,2,3,1204,,,,,,,,,,,,
763904,3,5,1119,3720,10.150888134539127,0.2,4.055755615234375,0.243701171875,0.0003,0.840665340423584,-0.9462610689923168,0.006188593550177757,0.072470315,,
765000,,,,3730,10.382142160832881,0.2,6.142444610595703,0.16552734375,0.0003,0.8878887295722961,-0.9870079172775149,-0.0037433270957990318,0.019812938,300.0,14.13732140082866
765952,4,7,1024,,,,,,,,,,,,
768000,5,10,1022,3740,10.279261249303818,0.2,5.044009208679199,0.15888671875,0.0003,0.8839741945266724,-1.0554558264091611,0.0021788728612591513,0.016833728,,
770000,,,,3750,8.072066137939691,0.2,2.119318723678589,0.122900390625,0.0003,0.9172828197479248,-0.8590988166630268,-0.005839955306146294,0.010266575,300.0,31.612641462683676
770048,1,1,1331,,,,,,,,,,,,
772096,2,3,1156,3760,8.620955656468869,0.2,4.800428867340088,0.10849609375,0.0003,0.8842172622680664,-0.7809248480945825,0.0023496955080190675,0.031358063,,
774144,3,5,1068,3770,8.949582529067992,0.2,1.489815354347229,0.0974609375,0.0003,0.8696346282958984,-0.865981780923903,3.757050872081891e-05,0.012347133,,
775000,,,,3780,8.102135213464498,0.2,5.658655643463135,0.0873046875,0.0003,0.9329577684402466,-0.7941792095080018,0.0022429204800573643,0.011755246,245.6,29.151767745614052
776192,4,8,1003,,,,,,,,,,,,
778240,5,10,998,3790,9.598247461766004,0.2,2.969397783279419,0.142236328125,0.0003,0.892534613609314,-0.8604331711307168,-0.004974399852653732,0.043364488,,
780000,,,,3800,10.624737528711558,0.2,4.539732456207275,0.14140625,0.0003,0.885372519493103,-0.8211388183757663,0.0054820350425870855,0.03484027,300.0,21.412072186172008
780288,1,1,1327,,,,,,,,,,,,
782336,2,3,1121,3810,10.790402716398239,0.2,3.440155029296875,0.09501953125,0.0003,0.8695740103721619,-0.8397158654406667,-0.0028854416363174097,0.008851668,,
784384,3,5,1091,3820,7.42618856728077,0.2,3.3052682876586914,0.16806640625,0.0003,0.9024043679237366,-0.8909464366734028,0.0010782872457639314,0.023604732,,
785000,,,,3830,10.358226756751538,0.2,7.106444835662842,0.1017578125,0.0003,0.9128926396369934,-0.9139457108452916,-0.0012253613727807532,0.027047884,188.6,29.599679750204086
786432,4,8,1015,,,,,,,,,,,,
788480,5,10,1018,3840,10.635658384859562,0.2,6.825528621673584,0.18154296875,0.0003,0.8688255548477173,-0.8837756814435125,0.0015466731289052404,0.039060943,,
790000,,,,3850,10.459965290129185,0.2,3.74552321434021,0.133740234375,0.0003,0.9062187671661377,-0.9198457943275571,-0.0043199886189540845,0.030529466,300.0,25.98336215913296
790528,1,1,1220,,,,,,,,,,,,
792576,2,3,1097,3860,7.873519518226385,0.2,2.7104125022888184,0.172265625,0.0003,0.9309651851654053,-0.8685214987024665,0.0046826153658912515,0.027236667,,
794624,3,5,1077,3870,8.420674093812703,0.2,6.918037414550781,0.1921875,0.0003,0.8765380382537842,-0.9611282642930746,0.0049891156610101465,0.034807965,,
795000,,,,3880,12.594102463126182,0.2,4.211371898651123,0.1134765625,0.0003,0.797167181968689,-1.0142346803098916,0.002756645683257375,0.010111172,246.6,19.605185091122983
796672,4,8,988,,,,,,,,,,,,
798720,5,10,1003,3890,8.093788816779853,0.2,4.055938243865967,0.24111328125,0.0003,0.8870301842689514,-0.9271789060905575,-0.003250179937458597,0.032761462,,
800000,,,,3900,9.150308215618134,0.2,3.9048917293548584,0.142236328125,0.0003,0.8947652578353882,-0.926231581158936,-0.007860868274292443,0.010713107,187.0,23.073588103055954
800768,1,1,1398,,,,,,,,,,,,
802816,2,3,1161,3910,6.167857074737549,0.2,1.7128902673721313,0.132958984375,0.0003,0.942931056022644,-0.7382914083078503,-0.00560986727650743,0.020621017,,
804864,3,5,1108,3920,8.375223115086555,0.2,3.712448835372925,0.17802734375,0.0003,0.9358726739883423,-0.9603715227916837,-0.0034267589522642083,0.029294444,,
805000,,,,3930,10.277640999108552,0.2,6.996619701385498,0.105078125,0.0003,0.9211100339889526,-0.7528585942462087,-0.007012424651475157,0.01163356,248.6,36.61258512586355
806912,4,8,1023,,,,,,,,,,,,
808960,5,9,1032,3940,10.210284873098136,0.2,2.830531120300293,0.13369140625,0.0003,0.884944498538971,-0.905646493844688,-0.001462203743722057,0.021367913,,
810000,,,,3950,11.246457241475582,0.2,5.662644863128662,0.098828125,0.0003,0.9237293004989624,-0.8693504501134157,-0.00023179232666734607,0.016793339,246.0,28.878467870876193
811008,1,1,1359,,,,,,,,,,,,
813056,2,3,1198,3960,14.078205513954163,0.2,10.160526275634766,0.203662109375,0.0003,0.8850317001342773,-1.043873936869204,-0.009659252772689798,0.022594614,,
815000,,,,3970,11.637467720359563,0.2,2.702120780944824,0.212109375,0.0003,0.8670601844787598,-0.921443635597825,0.012697511364240199,0.033244785,245.2,20.95338793992996
815104,3,6,1001,,,,,,,,,,,,
817152,4,8,1007,3980,5.316066890209913,0.2,1.8239285945892334,0.184130859375,0.0003,0.9461260437965393,-0.703758193925023,-0.0010730989815783687,0.03997945,,
819200,5,10,999,3990,8.122843314707278,0.2,2.7339489459991455,0.149951171875,0.0003,0.887950599193573,-0.7992573644965887,-0.0004199325921945274,0.024769187,,
820000,,,,4000,7.567737370729446,0.2,9.093585014343262,0.20390625,0.0003,0.9172464609146118,-0.900392553769052,0.00871827704977477,0.030253224,197.2,33.156890880316496
821248,1,1,1423,,,,,,,,,,,,
823296,2,3,1149,4010,8.369253850728274,0.2,4.703877925872803,0.119677734375,0.0003,0.9089845418930054,-0.7984948817640543,-0.0020652949140639977,0.010289691,,
825000,,,,4020,8.199168537557124,0.2,4.737969875335693,0.108740234375,0.0003,0.9453174471855164,-0.7269204929471016,-0.0046617481246357785,0.015091753,247.6,24.50346448421478
825344,3,6,1022,,,,,,,,,,,,
827392,4,7,1026,4030,8.534970080852508,0.2,4.949348449707031,0.127978515625,0.0003,0.9473865628242493,-0.6778728693723679,0.0015060296769661362,0.012070771,,
829440,5,10,1014,4040,8.531552632898093,0.2,3.746051549911499,0.116845703125,0.0003,0.9402656555175781,-0.785440343990922,-0.0004740591873996891,0.013550485,,
830000,,,,4050,8.69570083618164,0.2,3.734055995941162,0.108837890625,0.0003,0.942981481552124,-0.8049217242747545,-0.001947114829090424,0.014363043,300.0,24.708249621093273
831488,1,1,1374,,,,,,,,,,,,
833536,2,3,1136,4060,2.688423990830779,0.2,0.9118412733078003,0.205712890625,0.0003,0.9624046087265015,-0.6611098423600197,0.012711425153247547,0.06858575,,
835000,,,,4070,8.594421545416116,0.2,2.9980435371398926,0.2349609375,0.0003,0.9123766422271729,-0.797816402092576,-0.00028569126588990913,0.053917468,193.4,34.411289328336714
835584,3,6,1013,,,,,,,,,,,,
837632,4,8,1018,4080,5.333708119392395,0.2,6.555190563201904,0.136181640625,0.0003,0.9357749223709106,-0.7087513916194439,0.0011894314411620144,0.016750254,,
839680,5,10,1022,4090,7.45321449264884,0.2,1.5764495134353638,0.126611328125,0.0003,0.9399571418762207,-0.712700567394495,0.0018521273028454742,0.012815111,,
840000,,,,4100,5.452709767222404,0.2,3.2127737998962402,0.150732421875,0.0003,0.9610592126846313,-0.6494142987765372,0.006565631050034426,0.029525075,190.0,29.361518670991064
841728,1,1,1488,,,,,,,,,,,,
843776,2,3,1137,4110,9.485491202026605,0.2,2.976510763168335,0.1619140625,0.0003,0.8945492506027222,-0.7548161499202252,0.0020531475252937525,0.030115906,,
845000,,,,4120,12.779755176603794,0.2,4.963385581970215,0.190234375,0.0003,0.9218799471855164,-0.8921788902953267,-0.004809770078281872,0.016140789,133.2,26.694457228761166
845824,3,5,1067,,,,,,,,,,,,
847872,4,7,1035,4130,3.5929459620267155,0.2,1.4322837591171265,0.106689453125,0.0003,0.9324955940246582,-0.4847641007974744,0.004577770199102815,0.034362588,,
849920,5,9,1035,4140,5.191333053261042,0.2,1.1417282819747925,0.183837890625,0.0003,0.9489027261734009,-0.6119896095246077,-0.0027485636412166057,0.044054016,,
850000,,,,4150,8.222781536728144,0.2,2.6628549098968506,0.242919921875,0.0003,0.9005618691444397,-0.7829031953588128,0.0076098125144199,0.036315404,250.6,35.69050553485867
851968,1,1,1235,,,,,,,,,,,,
854016,2,3,1137,4160,2.3081202685832976,0.2,1.0814625024795532,0.141064453125,0.0003,0.9773485660552979,-0.5030710489489139,0.0033660296896414364,0.021833409,,
855000,,,,4170,1.530656485259533,0.2,0.8145416975021362,0.151904296875,0.0003,0.9808552265167236,-0.5305645312182605,0.008035339557682163,0.049986947,85.0,50.20500318408013
856064,3,5,1086,,,,,,,,,,,,
858112,4,7,1041,4180,2.343097123131156,0.2,0.8766806721687317,0.193310546875,0.0003,0.9706327319145203,-0.6373250822536647,-0.006692073556769174,0.036249578,,
860000,,,,4190,5.259733787924051,0.2,1.8455495834350586,0.11884765625,0.0003,0.9336066842079163,-0.6935764169320464,-0.0007250275564729236,0.017272219,144.0,49.604478627815844
860160,5,10,1013,,,,,,,,,,,,
862208,1,0,2074,4200,4.757871506363154,0.2,1.5802305936813354,0.134326171875,0.0003,0.959141194820404,-0.6124760804697871,-0.006011772771307733,0.033535406,,
864256,2,2,1402,4210,5.312040182575584,0.2,1.3964598178863525,0.129833984375,0.0003,0.946295440196991,-0.6500218365341425,-0.002202690353442449,0.011813847,,
865000,,,,4220,2.5038437310606243,0.2,1.0741525888442993,0.1169921875,0.0003,0.9810612797737122,-0.5052129590883851,-0.008614858430519234,0.010576343,142.6,55.418206626921894
866304,3,5,1177,,,,,,,,,,,,
868352,4,7,1133,4230,1.8463158259168266,0.2,1.0019350051879883,0.146044921875,0.0003,0.9854435920715332,-0.47995989546179774,-0.00026802897336892785,0.035674952,,
870000,,,,4240,8.321168103069066,0.2,1.9077744483947754,0.141943359375,0.0003,0.9222009181976318,-0.698758808337152,0.008630960187292657,0.03308774,188.0,23.480761635303498
870400,5,9,1069,,,,,,,,,,,,
872448,1,0,2102,4250,2.646437229588628,0.2,0.6959906816482544,0.1478515625,0.0003,0.9773949384689331,-0.5625154451467097,0.004935654546716251,0.05702514,,
874496,2,2,1399,4260,1.5838798891752959,0.2,0.7058186531066895,0.154833984375,0.0003,0.9841567873954773,-0.4667644823901355,0.00704086148616625,0.017971491,,
875000,,,,4270,4.830018179118634,0.2,1.0377908945083618,0.145166015625,0.0003,0.9559601545333862,-0.5904173853807151,0.007120759467943572,0.05502312,144.0,49.22143255919218
876544,3,5,1162,,,,,,,,,,,,
878592,4,7,1129,4280,8.431171836704015,0.2,4.745481491088867,0.13427734375,0.0003,0.933713436126709,-0.7933652982115745,-0.004601228170213289,0.034484703,,
880000,,,,4290,7.8985858887434,0.2,2.6284890174865723,0.154931640625,0.0003,0.9430530071258545,-0.6795284949243069,0.0015512641402892768,0.030223014,78.2,45.50595941659994
880640,5,9,1083,,,,,,,,,,,,
882688,1,0,2101,4300,11.027767886221408,0.2,3.525311231613159,0.1958984375,0.0003,0.9384347200393677,-0.917310412414372,-0.0022120462592283728,0.024983797,,
884736,2,3,1325,4310,3.030807061493397,0.2,0.7432214021682739,0.2107421875,0.0003,0.9745042324066162,-0.5456981259398163,0.0005247628447250463,0.0329773,,
885000,,,,4320,3.0988395320251585,0.2,1.9361281394958496,0.150439453125,0.0003,0.9759104251861572,-0.6247480693273246,-0.004587996484769974,0.0390485,80.0,40.393812558054925
886784,3,5,1139,,,,,,,,,,,,
888832,4,7,1116,4330,2.2738893423229456,0.2,1.3146965503692627,0.170458984375,0.0003,0.9799964427947998,-0.5713834820315242,-0.0028259741113288326,0.026504792,,
890000,,,,4340,6.488100034371018,0.2,1.496368646621704,0.198974609375,0.0003,0.9357653260231018,-0.690468184929341,0.007676390813139733,0.06061303,300.0,24.2069993853569
890880,5,9,1030,,,,,,,,,,,,
892928,1,1,2025,4350,6.513379518687725,0.2,3.4937803745269775,0.142333984375,0.0003,0.9413358569145203,-0.8869759669527412,3.919868322554976e-05,0.022646423,,
894976,2,3,1338,4360,6.871305058896541,0.2,3.5941414833068848,0.120166015625,0.0003,0.9457372426986694,-0.7772039307281375,0.0005191783886402846,0.02028663,,
895000,,,,4370,4.4051209658384325,0.2,2.2172439098358154,0.1650390625,0.0003,0.9580482840538025,-0.7138164234347641,-0.0004158000767347403,0.04819013,244.0,29.690330609679222
897024,3,5,1093,,,,,,,,,,,,
899072,4,7,1084,4380,11.992076602578162,0.2,7.51747989654541,0.35908203125,0.0003,0.8680782914161682,-1.0350879296660422,0.028656892083745333,0.13935855,,
900000,,,,4390,11.188195698708295,0.2,7.007416725158691,0.241748046875,0.0003,0.8258451223373413,-1.2205939508974553,0.002252441190648824,0.031988796,300.0,26.003628301620484
901120,5,10,993,,,,,,,,,,,,
903168,1,0,2166,4400,9.77746880799532,0.2,3.250462532043457,0.202294921875,0.0003,0.9282692074775696,-1.137762152403593,0.004489353120152373,0.046095144,,
905000,,,,4410,8.624217606335879,0.2,5.546347618103027,0.168798828125,0.0003,0.9412177801132202,-1.0792215215042233,0.0010297531451215036,0.025661923,300.0,34.35761029720307
905216,2,3,1127,,,,,,,,,,,,
907264,3,5,1106,4420,7.805497313290834,0.2,3.381578207015991,0.1240234375,0.0003,0.9099054932594299,-0.9493982711806893,-0.0011048348827898736,0.011381086,,
909312,4,7,1064,4430,6.725346996635198,0.2,1.9402480125427246,0.14794921875,0.0003,0.9313592910766602,-0.7979924116283655,-0.00042808277503354476,0.014235219,,
910000,,,,4440,5.8754608981311325,0.2,2.3350706100463867,0.19736328125,0.0003,0.9296618103981018,-0.7923302939161658,0.007382484537811251,0.058500487,247.2,37.27508316040039
911360,5,10,1005,,,,,,,,,,,,
913408,1,1,1782,4450,5.90176745429635,0.2,2.2436814308166504,0.1330078125,0.0003,0.941305935382843,-0.8472615217790007,0.00043853696406586095,0.024583373,,
915000,,,,4460,10.489062084257602,0.2,4.955380439758301,0.1404296875,0.0003,0.9314562082290649,-0.8991350082680583,-0.004915882198838517,0.006977751,131.6,43.4299951851368
915456,2,3,1257,,,,,,,,,,,,
917504,3,5,1170,4470,7.963815226405859,0.2,2.4868481159210205,0.141259765625,0.0003,0.9499685764312744,-0.8636954395100475,-0.0030699052033014594,0.011934372,,
919552,4,7,1110,4480,9.034303924441337,0.2,2.2724010944366455,0.182861328125,0.0003,0.9607570767402649,-0.827345640026033,0.007856401706521864,0.030816227,,
920000,,,,4490,12.584848376363515,0.2,4.92062520980835,0.13779296875,0.0003,0.9403864741325378,-0.9485866852104664,-0.0060189813710167074,0.016220015,300.0,21.78907699584961
921600,5,9,1031,,,,,,,,,,,,
923648,1,1,1974,4500,11.1649249792099,0.2,3.8131601810455322,0.2466796875,0.0003,0.940144419670105,-0.9886414662003518,-0.0055160905394586734,0.027351432,,
925000,,,,4510,5.232716973125934,0.2,4.501954078674316,0.1466796875,0.0003,0.9407466650009155,-0.9191013876348734,0.008009217024664395,0.023773758,300.0,28.926421657204628
925696,2,3,1175,,,,,,,,,,,,
927744,3,5,1104,4520,11.358835101872682,0.2,4.778243541717529,0.13251953125,0.0003,0.9397757649421692,-0.9370342202484607,-0.00014095330116106197,0.01392881,,
929792,4,7,1086,4530,9.334994384646416,0.2,2.235581874847412,0.174169921875,0.0003,0.9206845760345459,-1.020986601151526,0.00032513787446077915,0.048106983,,
930000,,,,4540,7.6061449237167835,0.2,3.5017075538635254,0.18388671875,0.0003,0.9314354658126831,-0.8128294644877314,0.00022198593796929345,0.035966896,242.6,18.372525769472123
931840,5,10,1008,,,,,,,,,,,,
933888,1,1,1978,4550,8.491183022409677,0.2,4.881195068359375,0.1296875,0.0003,0.9464482665061951,-0.7881401678547263,0.006243430040194653,0.011268256,,
935000,,,,4560,5.576588232815266,0.2,2.6747474670410156,0.181884765625,0.0003,0.9579105377197266,-0.754316347464919,0.003447800887806807,0.021203421,244.4,44.28192405700683
935936,2,3,1197,,,,,,,,,,,,
937984,3,5,1132,4570,6.298187754303217,0.2,4.206998348236084,0.199462890625,0.0003,0.960381031036377,-0.931644126214087,0.002332053989812266,0.05462333,,
940000,,,,4580,7.594023714959621,0.2,2.6313467025756836,0.190283203125,0.0003,0.9274846315383911,-0.7838724063709378,-0.004130316714872606,0.033069998,242.0,21.573646754026413
940032,4,7,1035,,,,,,,,,,,,
942080,5,10,1006,4590,4.878615606948733,0.2,2.4915337562561035,0.190087890625,0.0003,0.9392951726913452,-0.6976343596354126,-9.665163815952837e-06,0.03165614,,
944128,1,0,2108,4600,3.3073013581335546,0.2,1.6163804531097412,0.15,0.0003,0.9480674266815186,-0.6532646872103214,0.0020584898491506467,0.015346705,,
945000,,,,4610,3.253092984855175,0.2,1.5160090923309326,0.182958984375,0.0003,0.9622582793235779,-0.6766254939138889,-0.0033341648559144232,0.02820918,249.0,33.37653264030814
946176,2,3,1142,,,,,,,,,,,,
948224,3,5,1116,4620,6.313853025436401,0.2,6.665769577026367,0.12490234375,0.0003,0.9583634734153748,-0.6919650373980403,-0.00022064274962758646,0.018427111,,
950000,,,,4630,3.3191982582211494,0.2,1.6252652406692505,0.182421875,0.0003,0.9679548740386963,-0.5743807413615286,-0.009409870929812315,0.06916909,91.8,55.08064774647355
950272,4,7,1060,,,,,,,,,,,,
952320,5,9,1046,4640,6.142651077359915,0.2,1.882566213607788,0.08828125,0.0003,0.9568655490875244,-0.6507984375581145,-0.0023405932064633817,0.010991994,,
954368,1,1,1948,4650,1.347270804271102,0.2,0.430315762758255,0.139306640625,0.0003,0.9805724024772644,-0.451723348069936,-0.0012084716057870538,0.02223006,,
955000,,,,4660,2.8665480429306625,0.2,0.5430369973182678,0.0849609375,0.0003,0.9755489230155945,-0.49524840638041495,-0.0011007270521076861,0.010153886,241.4,34.6190870475024
956416,2,4,1005,,,,,,,,,,,,
958464,3,6,1012,4670,5.354183930158615,0.2,1.62540602684021,0.09853515625,0.0003,0.9729004502296448,-0.6108132306486368,-0.0045163085465901535,0.023805853,,
960000,,,,4680,8.892893798649311,0.2,3.053642988204956,0.1703125,0.0003,0.956672191619873,-0.8571679407730699,-0.00931707876297878,0.015780656,186.4,38.019798529148105
960512,4,8,943,,,,,,,,,,,,
962560,5,10,961,4690,6.2778777241706845,0.2,5.3550872802734375,0.087060546875,0.0003,0.96511310338974,-0.6290909162722528,0.0013038707147643436,0.0138249565,,
964608,1,1,1837,4700,6.771415410935878,0.2,1.8197567462921143,0.111279296875,0.0003,0.9657763838768005,-0.6822922578081488,-0.0005729594005970285,0.009257348,,
965000,,,,4710,3.081579702720046,0.2,0.7504437565803528,0.1119140625,0.0003,0.9582253694534302,-0.49363630134612324,0.00013798601867165416,0.013520096,195.0,43.18906586766243
966656,2,3,1215,,,,,,,,,,,,
968704,3,5,1115,4720,5.300116455182433,0.2,1.9501838684082031,0.174951171875,0.0003,0.9417552947998047,-0.627337004803121,0.019805948498833457,0.060545992,,
970000,,,,4730,1.5935679404065013,0.2,0.5402066111564636,0.172216796875,0.0003,0.9813709259033203,-0.5968188459984958,0.006383517614449374,0.016980145,139.0,47.24639196805656
970752,4,7,1045,,,,,,,,,,,,
972800,5,9,1039,4740,8.553881372138857,0.2,5.3525896072387695,0.105908203125,0.0003,0.9254840612411499,-0.6866093963384629,-0.003592281731835101,0.01514362,,
974848,1,0,2107,4750,4.335833770036698,0.2,1.7063488960266113,0.140380859375,0.0003,0.9600839614868164,-0.6868405877612531,0.0009456352010602132,0.011938056,,
975000,,,,4760,4.454985703900457,0.2,2.230121612548828,0.111669921875,0.0003,0.9533230066299438,-0.5973554635420442,-0.003987513185711578,0.02190357,29.4,54.84618068784475
976896,2,2,1375,,,,,,,,,,,,
978944,3,5,1210,4770,2.3646780755370855,0.2,0.6064963936805725,0.130712890625,0.0003,0.9715570211410522,-0.559444526489824,0.0028920344506332186,0.01646888,,
980000,,,,4780,1.0649953728541732,0.2,0.36890071630477905,0.17294921875,0.0003,0.9864249229431152,-0.4771730980835855,0.0063229056017007675,0.020728763,141.4,55.659160965681075
980992,4,7,1107,,,,,,,,,,,,
983040,5,9,1094,4790,2.5729089384898542,0.2,1.1534810066223145,0.134423828125,0.0003,0.97624272108078,-0.5995856041088701,-0.008276915064197966,0.014910193,,
985000,,,,4800,1.5175883499905467,0.2,0.8407945036888123,0.17177734375,0.0003,0.9855602979660034,-0.5468513510189951,0.0030694584755110556,0.016053025,242.6,27.645167227834463
985088,1,1,1357,,,,,,,,,,,,
987136,2,3,1166,4810,4.186724721454084,0.2,1.437313199043274,0.120263671875,0.0003,0.9539057016372681,-0.5776351450011135,-0.0051177386631025,0.02482139,,
989184,3,5,1095,4820,1.9258867405354976,0.2,1.2490171194076538,0.1154296875,0.0003,0.9689375758171082,-0.4807185987941921,0.005060211307136342,0.0119912345,,
990000,,,,4830,1.1686870018020272,0.2,0.5614932179450989,0.167236328125,0.0003,0.9857935905456543,-0.4566901451908052,0.019869141379604115,0.018894576,26.2,50.721844241023064
991232,4,7,1065,,,,,,,,,,,,
993280,5,9,1046,4840,4.0995402608066795,0.2,1.1092040538787842,0.155517578125,0.0003,0.9456068873405457,-0.6668264051899314,0.0017386372273904271,0.021021053,,
995000,,,,4850,0.9141018581576645,0.2,0.29359135031700134,0.18115234375,0.0003,0.9855945110321045,-0.5070845955982805,-0.012042923935223371,0.036529012,188.2,41.83119817972183
995328,1,1,1542,,,,,,,,,,,,
997376,2,3,1245,4860,2.2321350041776897,0.2,1.5404776334762573,0.138525390625,0.0003,0.980266273021698,-0.48383557703346014,0.002985941087536048,0.03636186,,
999424,3,5,1142,4870,3.8562193386256696,0.2,1.81045663356781,0.103564453125,0.0003,0.9710449576377869,-0.5646058327518404,0.00025902416091412307,0.011962617,,
1000000,,,,4880,4.430601890012622,0.2,2.6620328426361084,0.1072265625,0.0003,0.9683281779289246,-0.5365392358973622,-0.00070098157011671,0.013874992,21.4,43.71339803338051
1001472,4,7,1096,,,,,,,,,,,,
1003520,5,9,1066,4890,1.667963981628418,0.2,0.8286048769950867,0.122900390625,0.0003,0.9758977293968201,-0.4404125610366464,0.0005893111941986717,0.019414462,,
1005000,,,,4900,0.6678978907875717,0.2,0.6055194735527039,0.10830078125,0.0003,0.9929019212722778,-0.3265727198682725,-0.0022154288293677383,0.01038583,133.0,40.50075262784958
1005568,1,1,1701,,,,,,,,,,,,
1007616,2,3,1245,4910,1.8240434826351701,0.2,0.5347364544868469,0.123486328125,0.0003,0.9847462177276611,-0.4329221912659705,0.004718023212626576,0.01892336,,
1009664,3,5,1166,4920,0.8202467393130064,0.2,0.37848198413848877,0.128173828125,0.0003,0.9944797158241272,-0.3693363985978067,0.0013829313247697428,0.04531625,,
1010000,,,,4930,8.767372253909707,0.2,1.9254984855651855,0.160205078125,0.0003,0.9411836266517639,-0.6619656328111887,0.0015544986716122366,0.022998467,37.0,63.79502299427986
1011712,4,7,1120,,,,,,,,,,,,
1013760,5,9,1077,4940,2.215998944081366,0.2,1.6225378513336182,0.12490234375,0.0003,0.9816319346427917,-0.4903010307811201,0.002811155628296547,0.013677232,,
1015000,,,,4950,1.5729076005518436,0.2,0.6637194156646729,0.12568359375,0.0003,0.9873746037483215,-0.45413437224924563,-0.003792980626167264,0.01596076,193.0,51.59506906867027
1015808,1,1,1576,,,,,,,,,,,,
1017856,2,3,1198,4960,0.7666418754495681,0.2,0.6682344675064087,0.152490234375,0.0003,0.9930918216705322,-0.39222088414244355,0.012135672995646019,0.0841492,,
1019904,3,5,1140,4970,0.8246078683994711,0.2,0.15765053033828735,0.163671875,0.0003,0.9897854924201965,-0.4546975180506706,-0.002356685619452037,0.027790235,,
1020000,,,,4980,0.7231789558194578,0.2,0.38899141550064087,0.145751953125,0.0003,0.9942636489868164,-0.36046477486379447,0.0024118723056744786,0.04443656,38.6,61.91361767649651
1021952,4,7,1089,,,,,,,,,,,,
1024000,5,9,1070,4990,0.916851782053709,0.2,0.16908851265907288,0.156591796875,0.0003,0.9903286695480347,-0.4144117892719805,0.011458727404533419,0.030645734,,
